{"graph": {"_type": "graph-file", "sha256": "d3e3630785a0276a099e65c0ad5c7b7ac6a5ac20bc44babe53622479c58654de", "size": 1305, "path": "media/graph/graph_summary_d3e3630785a0276a099e.graph.json"}, "epoch": 16, "_timestamp": 1656113767, "_runtime": 1977, "loss": 0.13664036989212036, "diease_outputs_loss": 0.09839867800474167, "grow_outputs_loss": 0.03824165463447571, "diease_outputs_accuracy": 0.9739296436309814, "grow_outputs_accuracy": 0.9891903400421143, "val_loss": 0.20332078635692596, "val_diease_outputs_loss": 0.17510488629341125, "val_grow_outputs_loss": 0.02821587398648262, "val_diease_outputs_accuracy": 0.9704641103744507, "val_grow_outputs_accuracy": 0.9907172918319702, "_step": 16, "best_val_loss": 0.09908667206764221, "best_epoch": 6, "_wandb": {"runtime": 1976}}