{"graph": {"_type": "graph-file", "sha256": "63f1214d5961e6d5aae566a3051e819d497e20f265cdb8eafe96bc270208f8fb", "size": 1312, "path": "media/graph/graph_summary_63f1214d5961e6d5aae5.graph.json"}, "epoch": 9, "_timestamp": 1655504250, "_runtime": 3158, "loss": 1.8037855625152588, "diease_outputs_loss": 0.7784928679466248, "grow_outputs_loss": 1.0252941846847534, "diease_outputs_accuracy": 0.7074607014656067, "grow_outputs_accuracy": 0.5849295854568481, "val_loss": 1.7269361019134521, "val_diease_outputs_loss": 0.7470107078552246, "val_grow_outputs_loss": 0.9799253940582275, "val_diease_outputs_accuracy": 0.7175595164299011, "val_grow_outputs_accuracy": 0.6068452596664429, "_step": 9, "best_val_loss": 1.7269361019134521, "best_epoch": 9, "_wandb": {"runtime": 3158}}