{"graph": {"_type": "graph-file", "sha256": "b59c9d6a736277ea34dc4e49cc8b25b0bbf6c3031ff22dcc1275e0de1c55e84b", "size": 1306, "path": "media/graph/graph_summary_b59c9d6a736277ea34dc.graph.json"}, "epoch": 42, "_timestamp": 1655817391, "_runtime": 448, "loss": 0.9898057579994202, "diease_outputs_loss": 0.31808722019195557, "grow_outputs_loss": 0.6717190742492676, "diease_outputs_accuracy": 0.8842512965202332, "grow_outputs_accuracy": 0.7175970673561096, "val_loss": 0.7804571986198425, "val_diease_outputs_loss": 0.25464609265327454, "val_grow_outputs_loss": 0.5258111357688904, "val_diease_outputs_accuracy": 0.9104166626930237, "val_grow_outputs_accuracy": 0.7895833253860474, "_step": 0, "best_val_loss": 0.7804571986198425, "best_epoch": 42}