{"graph": {"_type": "graph-file", "sha256": "d3e3630785a0276a099e65c0ad5c7b7ac6a5ac20bc44babe53622479c58654de", "size": 1305, "path": "media/graph/graph_summary_d3e3630785a0276a099e.graph.json"}, "epoch": 12, "_timestamp": 1656057772, "_runtime": 1958, "loss": 0.2466941475868225, "diease_outputs_loss": 0.15609009563922882, "grow_outputs_loss": 0.09060408174991608, "diease_outputs_accuracy": 0.9624841213226318, "grow_outputs_accuracy": 0.9830436706542969, "val_loss": 0.22002848982810974, "val_diease_outputs_loss": 0.18566396832466125, "val_grow_outputs_loss": 0.03436455503106117, "val_diease_outputs_accuracy": 0.9375527501106262, "val_grow_outputs_accuracy": 0.9881856441497803, "_step": 12, "best_val_loss": 0.1378481090068817, "best_epoch": 10, "_wandb": {"runtime": 1956}}