{"graph": {"_type": "graph-file", "sha256": "3a88f344c1a84bafedca3c03960728d5a3c8a86dd5dab227118f02277dcc3045", "size": 1268, "path": "media/graph/graph_summary_3a88f344c1a84bafedca.graph.json"}, "epoch": 9, "_timestamp": 1655580332, "_runtime": 2770, "loss": 2.438988447189331, "diease_outputs_loss": 1.0683592557907104, "grow_outputs_loss": 1.3706302642822266, "diease_outputs_accuracy": 0.47976449131965637, "grow_outputs_accuracy": 0.4215547442436218, "val_loss": 2.43072247505188, "val_diease_outputs_loss": 1.1779096126556396, "val_grow_outputs_loss": 1.2528133392333984, "val_diease_outputs_accuracy": 0.4386904835700989, "val_grow_outputs_accuracy": 0.4985119104385376, "_step": 9, "best_val_loss": 2.20181941986084, "best_epoch": 8, "_wandb": {"runtime": 2769}}