{"graph": {"_type": "graph-file", "sha256": "63f1214d5961e6d5aae566a3051e819d497e20f265cdb8eafe96bc270208f8fb", "size": 1312, "path": "media/graph/graph_summary_63f1214d5961e6d5aae5.graph.json"}, "epoch": 9, "_timestamp": 1655563448, "_runtime": 3138, "loss": 1.1641868352890015, "diease_outputs_loss": 0.40584510564804077, "grow_outputs_loss": 0.7583414912223816, "diease_outputs_accuracy": 0.8484013080596924, "grow_outputs_accuracy": 0.6889766454696655, "val_loss": 1.0272202491760254, "val_diease_outputs_loss": 0.4048248529434204, "val_grow_outputs_loss": 0.6223953366279602, "val_diease_outputs_accuracy": 0.8547618985176086, "val_grow_outputs_accuracy": 0.7482143044471741, "_step": 9, "best_val_loss": 0.9170774817466736, "best_epoch": 5, "_wandb": {"runtime": 3138}}