{"graph": {"_type": "graph-file", "sha256": "22431f56720ceb570805ec85f19ad088b2c336ae0a7ae93495ef8ce586b95985", "size": 1310, "path": "media/graph/graph_summary_22431f56720ceb570805.graph.json"}, "epoch": 9, "_timestamp": 1655510650, "_runtime": 3220, "loss": 2.3687825202941895, "diease_outputs_loss": 1.0467770099639893, "grow_outputs_loss": 1.3220051527023315, "diease_outputs_accuracy": 0.7500560283660889, "grow_outputs_accuracy": 0.6135803461074829, "val_loss": 2.3417017459869385, "val_diease_outputs_loss": 1.030005931854248, "val_grow_outputs_loss": 1.3116964101791382, "val_diease_outputs_accuracy": 0.7517856955528259, "val_grow_outputs_accuracy": 0.6101190447807312, "_step": 9, "best_val_loss": 2.3417017459869385, "best_epoch": 9, "_wandb": {"runtime": 3221}}