{"graph": {"_type": "graph-file", "sha256": "d3e3630785a0276a099e65c0ad5c7b7ac6a5ac20bc44babe53622479c58654de", "size": 1305, "path": "media/graph/graph_summary_d3e3630785a0276a099e.graph.json"}, "epoch": 13, "_timestamp": 1656105698, "_runtime": 1648, "loss": 0.2240281105041504, "diease_outputs_loss": 0.16697761416435242, "grow_outputs_loss": 0.057050496339797974, "diease_outputs_accuracy": 0.9707503318786621, "grow_outputs_accuracy": 0.9834675788879395, "val_loss": 1.2686278820037842, "val_diease_outputs_loss": 1.1203699111938477, "val_grow_outputs_loss": 0.14825797080993652, "val_diease_outputs_accuracy": 0.9198312163352966, "val_grow_outputs_accuracy": 0.9907172918319702, "_step": 13, "best_val_loss": 0.08982416242361069, "best_epoch": 6, "_wandb": {"runtime": 1647}}