{"graph": {"_type": "graph-file", "sha256": "63f1214d5961e6d5aae566a3051e819d497e20f265cdb8eafe96bc270208f8fb", "size": 1312, "path": "media/graph/graph_summary_63f1214d5961e6d5aae5.graph.json"}, "epoch": 9, "_timestamp": 1655589614, "_runtime": 3213, "loss": 1.3067176342010498, "diease_outputs_loss": 0.5020971298217773, "grow_outputs_loss": 0.8046203255653381, "diease_outputs_accuracy": 0.8060058355331421, "grow_outputs_accuracy": 0.6654963493347168, "val_loss": 1.1271114349365234, "val_diease_outputs_loss": 0.4027319848537445, "val_grow_outputs_loss": 0.7243795990943909, "val_diease_outputs_accuracy": 0.8452380895614624, "val_grow_outputs_accuracy": 0.6976190209388733, "_step": 9, "best_val_loss": 1.1271114349365234, "best_epoch": 9, "_wandb": {"runtime": 3213}}