{"graph": {"_type": "graph-file", "sha256": "b59c9d6a736277ea34dc4e49cc8b25b0bbf6c3031ff22dcc1275e0de1c55e84b", "size": 1306, "path": "media/graph/graph_summary_b59c9d6a736277ea34dc.graph.json"}, "epoch": 9, "_timestamp": 1655556258, "_runtime": 3264, "loss": 0.8893300890922546, "diease_outputs_loss": 0.2875424921512604, "grow_outputs_loss": 0.601787269115448, "diease_outputs_accuracy": 0.8923007845878601, "grow_outputs_accuracy": 0.7527018189430237, "val_loss": 0.787730872631073, "val_diease_outputs_loss": 0.22712375223636627, "val_grow_outputs_loss": 0.5606071352958679, "val_diease_outputs_accuracy": 0.9163690209388733, "val_grow_outputs_accuracy": 0.7696428298950195, "_step": 9, "best_val_loss": 0.787730872631073, "best_epoch": 9, "_wandb": {"runtime": 3264}}