{"graph": {"_type": "graph-file", "sha256": "22431f56720ceb570805ec85f19ad088b2c336ae0a7ae93495ef8ce586b95985", "size": 1310, "path": "media/graph/graph_summary_22431f56720ceb570805.graph.json"}, "epoch": 9, "_timestamp": 1655543758, "_runtime": 3132, "loss": 1.034725546836853, "diease_outputs_loss": 0.3534501791000366, "grow_outputs_loss": 0.681275486946106, "diease_outputs_accuracy": 0.8645002841949463, "grow_outputs_accuracy": 0.7157337665557861, "val_loss": 1.0058964490890503, "val_diease_outputs_loss": 0.31397581100463867, "val_grow_outputs_loss": 0.691921055316925, "val_diease_outputs_accuracy": 0.8782737851142883, "val_grow_outputs_accuracy": 0.7059524059295654, "_step": 9, "best_val_loss": 0.9830064177513123, "best_epoch": 8, "_wandb": {"runtime": 3131}}