{"graph": {"_type": "graph-file", "sha256": "3a88f344c1a84bafedca3c03960728d5a3c8a86dd5dab227118f02277dcc3045", "size": 1268, "path": "media/graph/graph_summary_3a88f344c1a84bafedca.graph.json"}, "epoch": 9, "_timestamp": 1655617143, "_runtime": 3009, "loss": 2.7347469329833984, "diease_outputs_loss": 1.2134007215499878, "grow_outputs_loss": 1.5213468074798584, "diease_outputs_accuracy": 0.43855980038642883, "grow_outputs_accuracy": 0.3334578275680542, "val_loss": 2.7290101051330566, "val_diease_outputs_loss": 1.2095375061035156, "val_grow_outputs_loss": 1.5194733142852783, "val_diease_outputs_accuracy": 0.4386904835700989, "val_grow_outputs_accuracy": 0.3336309492588043, "_step": 9, "best_val_loss": 2.7290101051330566, "best_epoch": 9, "_wandb": {"runtime": 3009}}