{"graph": {"_type": "graph-file", "sha256": "b59c9d6a736277ea34dc4e49cc8b25b0bbf6c3031ff22dcc1275e0de1c55e84b", "size": 1306, "path": "media/graph/graph_summary_b59c9d6a736277ea34dc.graph.json"}, "epoch": 8, "_timestamp": 1655470551, "_runtime": 2806, "loss": 1.2477365732192993, "diease_outputs_loss": 0.46125543117523193, "grow_outputs_loss": 0.7864809632301331, "diease_outputs_accuracy": 0.8200790286064148, "grow_outputs_accuracy": 0.6664679050445557, "val_loss": 1.0588102340698242, "val_diease_outputs_loss": 0.3556241989135742, "val_grow_outputs_loss": 0.7031861543655396, "val_diease_outputs_accuracy": 0.863095223903656, "val_grow_outputs_accuracy": 0.6985118985176086, "_step": 8, "best_val_loss": 1.0588102340698242, "best_epoch": 8}