{"graph": {"_type": "graph-file", "sha256": "5b5f0ac2dcdb38b8953b2b6125ed4d331fcb668fbf618b725b6514e5f33a15f3", "size": 1274, "path": "media/graph/graph_summary_5b5f0ac2dcdb38b8953b.graph.json"}, "epoch": 9, "_timestamp": 1655267238, "_runtime": 13230, "loss": 2.4407496452331543, "diease_outputs_loss": 1.0033206939697266, "grow_outputs_loss": 1.4374289512634277, "diease_outputs_accuracy": 0.49778303503990173, "grow_outputs_accuracy": 0.37629324197769165, "val_loss": 2.346742868423462, "val_diease_outputs_loss": 0.9799232482910156, "val_grow_outputs_loss": 1.3668193817138672, "val_diease_outputs_accuracy": 0.4847058951854706, "val_grow_outputs_accuracy": 0.4582352936267853, "_step": 9, "best_val_loss": 2.3236351013183594, "best_epoch": 8, "_wandb": {"runtime": 12751}}