{"graph": {"_type": "graph-file", "sha256": "4f3d29582fda618759a715233a29977fde601c4daace36c4d06eae8b698cd769", "size": 1267, "path": "media/graph/graph_summary_4f3d29582fda618759a7.graph.json"}, "epoch": 1, "_timestamp": 1655361628, "_runtime": 2568, "loss": 3.4454731941223145, "diease_outputs_loss": 1.3913688659667969, "grow_outputs_loss": 2.0541045665740967, "diease_outputs_accuracy": 0.3538166880607605, "grow_outputs_accuracy": 0.21956969797611237, "val_loss": 2.699909210205078, "val_diease_outputs_loss": 1.0827908515930176, "val_grow_outputs_loss": 1.6171189546585083, "val_diease_outputs_accuracy": 0.4205882251262665, "val_grow_outputs_accuracy": 0.2894117534160614, "_step": 1, "best_val_loss": 2.699909210205078, "best_epoch": 1, "_wandb": {"runtime": 2567}}