{"graph": {"_type": "graph-file", "sha256": "e9273d19589228f3156180bfdbcce5c2c0ac60381596718a522a0f282ef9e3e3", "size": 1271, "path": "media/graph/graph_summary_e9273d19589228f31561.graph.json"}, "epoch": 1, "_timestamp": 1655377883, "_runtime": 582, "loss": 2.4519293308258057, "diease_outputs_loss": 1.044631004333496, "grow_outputs_loss": 1.407299280166626, "diease_outputs_accuracy": 0.46032702922821045, "grow_outputs_accuracy": 0.3845979869365692, "val_loss": 2.364889621734619, "val_diease_outputs_loss": 1.075556755065918, "val_grow_outputs_loss": 1.289332628250122, "val_diease_outputs_accuracy": 0.44778814911842346, "val_grow_outputs_accuracy": 0.46614503860473633, "_step": 1, "best_val_loss": 2.364889621734619, "best_epoch": 1, "_wandb": {"runtime": 581}}