{"graph": {"_type": "graph-file", "sha256": "63f1214d5961e6d5aae566a3051e819d497e20f265cdb8eafe96bc270208f8fb", "size": 1312, "path": "media/graph/graph_summary_63f1214d5961e6d5aae5.graph.json"}, "epoch": 9, "_timestamp": 1655494875, "_runtime": 3134, "loss": 1.1787348985671997, "diease_outputs_loss": 0.4262574017047882, "grow_outputs_loss": 0.752477765083313, "diease_outputs_accuracy": 0.8322277665138245, "grow_outputs_accuracy": 0.6810017228126526, "val_loss": 1.0359532833099365, "val_diease_outputs_loss": 0.32145553827285767, "val_grow_outputs_loss": 0.7144975066184998, "val_diease_outputs_accuracy": 0.8827381134033203, "val_grow_outputs_accuracy": 0.6997023820877075, "_step": 9, "best_val_loss": 1.0201612710952759, "best_epoch": 8, "_wandb": {"runtime": 3133}}