{"graph": {"_type": "graph-file", "sha256": "e9273d19589228f3156180bfdbcce5c2c0ac60381596718a522a0f282ef9e3e3", "size": 1271, "path": "media/graph/graph_summary_e9273d19589228f31561.graph.json"}, "epoch": 1, "_timestamp": 1655380885, "_runtime": 579, "loss": 2.607590913772583, "diease_outputs_loss": 1.0883382558822632, "grow_outputs_loss": 1.5192546844482422, "diease_outputs_accuracy": 0.42165499925613403, "grow_outputs_accuracy": 0.31081995368003845, "val_loss": 2.5413098335266113, "val_diease_outputs_loss": 1.0667105913162231, "val_grow_outputs_loss": 1.4745993614196777, "val_diease_outputs_accuracy": 0.44357508420944214, "val_grow_outputs_accuracy": 0.3340355157852173, "_step": 1, "best_val_loss": 2.5413098335266113, "best_epoch": 1, "_wandb": {"runtime": 578}}