{"graph": {"_type": "graph-file", "sha256": "a5d08625cf7a705c6351eafce8ffba36c521394ee715b7842305b5e66e880049", "size": 1262, "path": "media/graph/graph_summary_a5d08625cf7a705c6351.graph.json"}, "epoch": 9, "_timestamp": 1655522280, "_runtime": 2792, "loss": 2.653872013092041, "diease_outputs_loss": 1.1568794250488281, "grow_outputs_loss": 1.496994137763977, "diease_outputs_accuracy": 0.43906983733177185, "grow_outputs_accuracy": 0.33330848813056946, "val_loss": 2.6478188037872314, "val_diease_outputs_loss": 1.1547342538833618, "val_grow_outputs_loss": 1.493085265159607, "val_diease_outputs_accuracy": 0.4386904835700989, "val_grow_outputs_accuracy": 0.3336309492588043, "_step": 9, "best_val_loss": 2.6478188037872314, "best_epoch": 9, "_wandb": {"runtime": 2791}}