{"graph": {"_type": "graph-file", "sha256": "f984d9ef4d0e63f848f862253406afbf4495f8bca3d72333ba4f91b49535b50d", "size": 1269, "path": "media/graph/graph_summary_f984d9ef4d0e63f848f8.graph.json"}, "epoch": 1, "_timestamp": 1655346271, "_runtime": 2543, "loss": 2.646070718765259, "diease_outputs_loss": 1.0814576148986816, "grow_outputs_loss": 1.5646135807037354, "diease_outputs_accuracy": 0.42101386189460754, "grow_outputs_accuracy": 0.29501914978027344, "val_loss": 2.644810199737549, "val_diease_outputs_loss": 1.0808178186416626, "val_grow_outputs_loss": 1.563992977142334, "val_diease_outputs_accuracy": 0.4205882251262665, "val_grow_outputs_accuracy": 0.29588234424591064, "_step": 1, "best_val_loss": 2.644810199737549, "best_epoch": 1, "_wandb": {"runtime": 2542}}