{"graph": {"_type": "graph-file", "sha256": "3a88f344c1a84bafedca3c03960728d5a3c8a86dd5dab227118f02277dcc3045", "size": 1268, "path": "media/graph/graph_summary_3a88f344c1a84bafedca.graph.json"}, "epoch": 9, "_timestamp": 1655519466, "_runtime": 2796, "loss": 2.3398795127868652, "diease_outputs_loss": 1.0261732339859009, "grow_outputs_loss": 1.3137061595916748, "diease_outputs_accuracy": 0.5030930638313293, "grow_outputs_accuracy": 0.45926809310913086, "val_loss": 2.2432475090026855, "val_diease_outputs_loss": 0.984653651714325, "val_grow_outputs_loss": 1.2585934400558472, "val_diease_outputs_accuracy": 0.5291666388511658, "val_grow_outputs_accuracy": 0.5214285850524902, "_step": 9, "best_val_loss": 2.2432475090026855, "best_epoch": 9, "_wandb": {"runtime": 2795}}