{"graph": {"_type": "graph-file", "sha256": "d3e3630785a0276a099e65c0ad5c7b7ac6a5ac20bc44babe53622479c58654de", "size": 1305, "path": "media/graph/graph_summary_d3e3630785a0276a099e.graph.json"}, "epoch": 16, "_timestamp": 1656045989, "_runtime": 1986, "loss": 1.454828143119812, "diease_outputs_loss": 1.2223888635635376, "grow_outputs_loss": 0.23243944346904755, "diease_outputs_accuracy": 0.8679525256156921, "grow_outputs_accuracy": 0.9491310119628906, "val_loss": 0.398893266916275, "val_diease_outputs_loss": 0.2501063942909241, "val_grow_outputs_loss": 0.1487869769334793, "val_diease_outputs_accuracy": 0.9088607430458069, "val_grow_outputs_accuracy": 0.9552742838859558, "_step": 16, "best_val_loss": 0.2307516187429428, "best_epoch": 12, "_wandb": {"runtime": 1985}}