{"graph": {"_type": "graph-file", "sha256": "b59c9d6a736277ea34dc4e49cc8b25b0bbf6c3031ff22dcc1275e0de1c55e84b", "size": 1306, "path": "media/graph/graph_summary_b59c9d6a736277ea34dc.graph.json"}, "epoch": 9, "_timestamp": 1655501064, "_runtime": 3155, "loss": 1.492922067642212, "diease_outputs_loss": 0.6062036752700806, "grow_outputs_loss": 0.8867178559303284, "diease_outputs_accuracy": 0.7638071179389954, "grow_outputs_accuracy": 0.6253260970115662, "val_loss": 1.3223706483840942, "val_diease_outputs_loss": 0.5157443284988403, "val_grow_outputs_loss": 0.806627094745636, "val_diease_outputs_accuracy": 0.8184523582458496, "val_grow_outputs_accuracy": 0.6604166626930237, "_step": 9, "best_val_loss": 1.3223706483840942, "best_epoch": 9, "_wandb": {"runtime": 3155}}