{"graph": {"_type": "graph-file", "sha256": "e9273d19589228f3156180bfdbcce5c2c0ac60381596718a522a0f282ef9e3e3", "size": 1271, "path": "media/graph/graph_summary_e9273d19589228f31561.graph.json"}, "epoch": 1, "_timestamp": 1655372999, "_runtime": 598, "loss": 2.657259702682495, "diease_outputs_loss": 1.086840271949768, "grow_outputs_loss": 1.5704185962677002, "diease_outputs_accuracy": 0.44352346658706665, "grow_outputs_accuracy": 0.3341119587421417, "val_loss": 2.6443252563476562, "val_diease_outputs_loss": 1.0844849348068237, "val_grow_outputs_loss": 1.5598411560058594, "val_diease_outputs_accuracy": 0.44357508420944214, "val_grow_outputs_accuracy": 0.33433642983436584, "_step": 1, "best_val_loss": 2.6443252563476562, "best_epoch": 1, "_wandb": {"runtime": 597}}