{"graph": {"_type": "graph-file", "sha256": "22431f56720ceb570805ec85f19ad088b2c336ae0a7ae93495ef8ce586b95985", "size": 1310, "path": "media/graph/graph_summary_22431f56720ceb570805.graph.json"}, "epoch": 9, "_timestamp": 1655569966, "_runtime": 3197, "loss": 2.6859259605407715, "diease_outputs_loss": 1.2200566530227661, "grow_outputs_loss": 1.465869665145874, "diease_outputs_accuracy": 0.6240382194519043, "grow_outputs_accuracy": 0.5156494975090027, "val_loss": 2.671156883239746, "val_diease_outputs_loss": 1.2133376598358154, "val_grow_outputs_loss": 1.4578189849853516, "val_diease_outputs_accuracy": 0.6312500238418579, "val_grow_outputs_accuracy": 0.5354166626930237, "_step": 9, "best_val_loss": 2.671156883239746, "best_epoch": 9, "_wandb": {"runtime": 3197}}