{"graph": {"_type": "graph-file", "sha256": "19feb72f96d6ab464d3f3404b7c744c258b19ada75da7bdeb5db690dd4613b9f", "size": 1266, "path": "media/graph/graph_summary_19feb72f96d6ab464d3f.graph.json"}, "epoch": 9, "_timestamp": 1655455574, "_runtime": 3015, "loss": 2.5909371376037598, "diease_outputs_loss": 1.1131625175476074, "grow_outputs_loss": 1.4777753353118896, "diease_outputs_accuracy": 0.43818628787994385, "grow_outputs_accuracy": 0.33786508440971375, "val_loss": 2.571587562561035, "val_diease_outputs_loss": 1.1059733629226685, "val_grow_outputs_loss": 1.465615153312683, "val_diease_outputs_accuracy": 0.4467262029647827, "val_grow_outputs_accuracy": 0.3330357074737549, "_step": 9, "best_val_loss": 2.564525604248047, "best_epoch": 8, "_wandb": {"runtime": 3014}}