{"graph": {"_type": "graph-file", "sha256": "d3e3630785a0276a099e65c0ad5c7b7ac6a5ac20bc44babe53622479c58654de", "size": 1305, "path": "media/graph/graph_summary_d3e3630785a0276a099e.graph.json"}, "epoch": 11, "_timestamp": 1656088242, "_runtime": 1420, "loss": 0.14156390726566315, "diease_outputs_loss": 0.10574691742658615, "grow_outputs_loss": 0.03581693023443222, "diease_outputs_accuracy": 0.9741415977478027, "grow_outputs_accuracy": 0.9885544776916504, "val_loss": 0.13961629569530487, "val_diease_outputs_loss": 0.09563007950782776, "val_grow_outputs_loss": 0.04398622736334801, "val_diease_outputs_accuracy": 0.9738396406173706, "val_grow_outputs_accuracy": 0.9873417615890503, "_step": 11, "best_val_loss": 0.13246271014213562, "best_epoch": 4, "_wandb": {"runtime": 1418}}