{"graph": {"_type": "graph-file", "sha256": "f984d9ef4d0e63f848f862253406afbf4495f8bca3d72333ba4f91b49535b50d", "size": 1269, "path": "media/graph/graph_summary_f984d9ef4d0e63f848f8.graph.json"}, "epoch": 1, "_timestamp": 1655351365, "_runtime": 2546, "loss": 2.786362409591675, "diease_outputs_loss": 1.1512352228164673, "grow_outputs_loss": 1.6351277828216553, "diease_outputs_accuracy": 0.3803735673427582, "grow_outputs_accuracy": 0.27082714438438416, "val_loss": 2.594811201095581, "val_diease_outputs_loss": 1.0981382131576538, "val_grow_outputs_loss": 1.496673345565796, "val_diease_outputs_accuracy": 0.3194117546081543, "val_grow_outputs_accuracy": 0.3117647171020508, "_step": 1, "best_val_loss": 2.594811201095581, "best_epoch": 1, "_wandb": {"runtime": 2544}}