{"graph": {"_type": "graph-file", "sha256": "f984d9ef4d0e63f848f862253406afbf4495f8bca3d72333ba4f91b49535b50d", "size": 1269, "path": "media/graph/graph_summary_f984d9ef4d0e63f848f8.graph.json"}, "epoch": 1, "_timestamp": 1655343713, "_runtime": 2545, "loss": 2.644299030303955, "diease_outputs_loss": 1.079849362373352, "grow_outputs_loss": 1.564449667930603, "diease_outputs_accuracy": 0.420749694108963, "grow_outputs_accuracy": 0.2954545319080353, "val_loss": 2.6410412788391113, "val_diease_outputs_loss": 1.0790276527404785, "val_grow_outputs_loss": 1.5620137453079224, "val_diease_outputs_accuracy": 0.4205882251262665, "val_grow_outputs_accuracy": 0.29588234424591064, "_step": 1, "best_val_loss": 2.6410412788391113, "best_epoch": 1, "_wandb": {"runtime": 2545}}