{"graph": {"_type": "graph-file", "sha256": "d3e3630785a0276a099e65c0ad5c7b7ac6a5ac20bc44babe53622479c58654de", "size": 1305, "path": "media/graph/graph_summary_d3e3630785a0276a099e.graph.json"}, "epoch": 16, "_timestamp": 1656062628, "_runtime": 3051, "loss": 0.32144027948379517, "diease_outputs_loss": 0.2025681436061859, "grow_outputs_loss": 0.11887189000844955, "diease_outputs_accuracy": 0.9478592872619629, "grow_outputs_accuracy": 0.9752013683319092, "val_loss": 0.3783411383628845, "val_diease_outputs_loss": 0.27544230222702026, "val_grow_outputs_loss": 0.10289885103702545, "val_diease_outputs_accuracy": 0.947679340839386, "val_grow_outputs_accuracy": 0.9713079929351807, "_step": 16, "best_val_loss": 0.13955608010292053, "best_epoch": 7, "_wandb": {"runtime": 3049}}