{"graph": {"_type": "graph-file", "sha256": "19feb72f96d6ab464d3f3404b7c744c258b19ada75da7bdeb5db690dd4613b9f", "size": 1266, "path": "media/graph/graph_summary_19feb72f96d6ab464d3f.graph.json"}, "epoch": 5, "_timestamp": 1655630877, "_runtime": 1807, "loss": 3.5074687004089355, "diease_outputs_loss": 1.5711177587509155, "grow_outputs_loss": 1.9363504648208618, "diease_outputs_accuracy": 0.3831329047679901, "grow_outputs_accuracy": 0.298946738243103, "val_loss": 3.1251680850982666, "val_diease_outputs_loss": 1.3139599561691284, "val_grow_outputs_loss": 1.8112074136734009, "val_diease_outputs_accuracy": 0.4386904835700989, "val_grow_outputs_accuracy": 0.2842261791229248, "_step": 5, "best_val_loss": 3.0639326572418213, "best_epoch": 2}