{"graph": {"_type": "graph-file", "sha256": "b59c9d6a736277ea34dc4e49cc8b25b0bbf6c3031ff22dcc1275e0de1c55e84b", "size": 1306, "path": "media/graph/graph_summary_b59c9d6a736277ea34dc.graph.json"}, "epoch": 91, "_timestamp": 1655969850, "_runtime": 24918, "loss": 0.04122010990977287, "diease_outputs_loss": 0.005565220024436712, "grow_outputs_loss": 0.035654906183481216, "diease_outputs_accuracy": 0.9982857704162598, "grow_outputs_accuracy": 0.9885965585708618, "val_loss": 0.1829867959022522, "val_diease_outputs_loss": 0.023113882169127464, "val_grow_outputs_loss": 0.159872904419899, "val_diease_outputs_accuracy": 0.9961309432983398, "val_grow_outputs_accuracy": 0.9595237970352173, "_step": 49, "best_val_loss": 0.12427002191543579, "best_epoch": 86, "_wandb": {"runtime": 24916}}