{"graph": {"_type": "graph-file", "sha256": "d3e3630785a0276a099e65c0ad5c7b7ac6a5ac20bc44babe53622479c58654de", "size": 1305, "path": "media/graph/graph_summary_d3e3630785a0276a099e.graph.json"}, "epoch": 14, "_timestamp": 1656037188, "_runtime": 1769, "loss": 1.1229593753814697, "diease_outputs_loss": 0.9123091101646423, "grow_outputs_loss": 0.21065004169940948, "diease_outputs_accuracy": 0.868588387966156, "grow_outputs_accuracy": 0.9516744613647461, "val_loss": 0.4122439920902252, "val_diease_outputs_loss": 0.3174722194671631, "val_grow_outputs_loss": 0.09477182477712631, "val_diease_outputs_accuracy": 0.8253164291381836, "val_grow_outputs_accuracy": 0.9729957580566406, "_step": 14, "best_val_loss": 0.26770520210266113, "best_epoch": 5, "_wandb": {"runtime": 1769}}