{"graph": {"_type": "graph-file", "sha256": "d3e3630785a0276a099e65c0ad5c7b7ac6a5ac20bc44babe53622479c58654de", "size": 1305, "path": "media/graph/graph_summary_d3e3630785a0276a099e.graph.json"}, "epoch": 14, "_timestamp": 1656074667, "_runtime": 2284, "loss": 0.2087099552154541, "diease_outputs_loss": 0.1518646776676178, "grow_outputs_loss": 0.05684533342719078, "diease_outputs_accuracy": 0.9586689472198486, "grow_outputs_accuracy": 0.9830436706542969, "val_loss": 0.35101616382598877, "val_diease_outputs_loss": 0.23279310762882233, "val_grow_outputs_loss": 0.11822306364774704, "val_diease_outputs_accuracy": 0.9299578070640564, "val_grow_outputs_accuracy": 0.9628692269325256, "_step": 14, "best_val_loss": 0.1457199603319168, "best_epoch": 5, "_wandb": {"runtime": 2283}}