{"graph": {"_type": "graph-file", "sha256": "63f1214d5961e6d5aae566a3051e819d497e20f265cdb8eafe96bc270208f8fb", "size": 1312, "path": "media/graph/graph_summary_63f1214d5961e6d5aae5.graph.json"}, "epoch": 5, "_timestamp": 1655539725, "_runtime": 1943, "loss": 0.9165441393852234, "diease_outputs_loss": 0.292105108499527, "grow_outputs_loss": 0.624439001083374, "diease_outputs_accuracy": 0.8874281048774719, "grow_outputs_accuracy": 0.7366101145744324, "val_loss": 0.8021509051322937, "val_diease_outputs_loss": 0.2510378658771515, "val_grow_outputs_loss": 0.5511131286621094, "val_diease_outputs_accuracy": 0.9095237851142883, "val_grow_outputs_accuracy": 0.7720237970352173, "_step": 5, "best_val_loss": 0.8021509051322937, "best_epoch": 5}