{"graph": {"_type": "graph-file", "sha256": "b59c9d6a736277ea34dc4e49cc8b25b0bbf6c3031ff22dcc1275e0de1c55e84b", "size": 1306, "path": "media/graph/graph_summary_b59c9d6a736277ea34dc.graph.json"}, "epoch": 78, "_timestamp": 1655881802, "_runtime": 15616, "loss": 0.04526950791478157, "diease_outputs_loss": 0.011005721054971218, "grow_outputs_loss": 0.03426377847790718, "diease_outputs_accuracy": 0.996795117855072, "grow_outputs_accuracy": 0.9885965585708618, "val_loss": 0.1931542009115219, "val_diease_outputs_loss": 0.05654390901327133, "val_grow_outputs_loss": 0.1366102546453476, "val_diease_outputs_accuracy": 0.9809523820877075, "val_grow_outputs_accuracy": 0.9586309790611267, "_step": 36, "best_val_loss": 0.146702840924263, "best_epoch": 61, "_wandb": {"runtime": 15615}}