{"graph": {"_type": "graph-file", "sha256": "e9273d19589228f3156180bfdbcce5c2c0ac60381596718a522a0f282ef9e3e3", "size": 1271, "path": "media/graph/graph_summary_e9273d19589228f31561.graph.json"}, "epoch": 1, "_timestamp": 1655382701, "_runtime": 574, "loss": 2.5684268474578857, "diease_outputs_loss": 1.0723439455032349, "grow_outputs_loss": 1.4960829019546509, "diease_outputs_accuracy": 0.44352346658706665, "grow_outputs_accuracy": 0.3342626690864563, "val_loss": 2.5668280124664307, "val_diease_outputs_loss": 1.0721577405929565, "val_grow_outputs_loss": 1.4946707487106323, "val_diease_outputs_accuracy": 0.44357508420944214, "val_grow_outputs_accuracy": 0.33433642983436584, "_step": 1, "best_val_loss": 2.5668280124664307, "best_epoch": 1, "_wandb": {"runtime": 574}}