{"graph": {"_type": "graph-file", "sha256": "a5d08625cf7a705c6351eafce8ffba36c521394ee715b7842305b5e66e880049", "size": 1262, "path": "media/graph/graph_summary_a5d08625cf7a705c6351.graph.json"}, "epoch": 9, "_timestamp": 1655513654, "_runtime": 2976, "loss": 2.940511703491211, "diease_outputs_loss": 1.3404572010040283, "grow_outputs_loss": 1.600053310394287, "diease_outputs_accuracy": 0.2875177264213562, "grow_outputs_accuracy": 0.23470531404018402, "val_loss": 2.9362659454345703, "val_diease_outputs_loss": 1.3392548561096191, "val_grow_outputs_loss": 1.5970109701156616, "val_diease_outputs_accuracy": 0.2845238149166107, "val_grow_outputs_accuracy": 0.22946429252624512, "_step": 9, "best_val_loss": 2.9362659454345703, "best_epoch": 9, "_wandb": {"runtime": 2975}}