{"graph": {"_type": "graph-file", "sha256": "5b5f0ac2dcdb38b8953b2b6125ed4d331fcb668fbf618b725b6514e5f33a15f3", "size": 1274, "path": "media/graph/graph_summary_5b5f0ac2dcdb38b8953b.graph.json"}, "epoch": 1, "_timestamp": 1655376094, "_runtime": 585, "loss": 2.5687239170074463, "diease_outputs_loss": 1.0720850229263306, "grow_outputs_loss": 1.496638536453247, "diease_outputs_accuracy": 0.44412627816200256, "grow_outputs_accuracy": 0.33388590812683105, "val_loss": 2.5668344497680664, "val_diease_outputs_loss": 1.0721487998962402, "val_grow_outputs_loss": 1.4946852922439575, "val_diease_outputs_accuracy": 0.44357508420944214, "val_grow_outputs_accuracy": 0.33433642983436584, "_step": 1, "best_val_loss": 2.5668344497680664, "best_epoch": 1, "_wandb": {"runtime": 585}}