{"graph": {"_type": "graph-file", "sha256": "e9273d19589228f3156180bfdbcce5c2c0ac60381596718a522a0f282ef9e3e3", "size": 1271, "path": "media/graph/graph_summary_e9273d19589228f31561.graph.json"}, "epoch": 1, "_timestamp": 1655356486, "_runtime": 2548, "loss": 2.588988780975342, "diease_outputs_loss": 1.0534337759017944, "grow_outputs_loss": 1.535555124282837, "diease_outputs_accuracy": 0.449084997177124, "grow_outputs_accuracy": 0.3059327006340027, "val_loss": 2.5090293884277344, "val_diease_outputs_loss": 1.0433778762817383, "val_grow_outputs_loss": 1.4656504392623901, "val_diease_outputs_accuracy": 0.4382352828979492, "val_grow_outputs_accuracy": 0.32647058367729187, "_step": 1, "best_val_loss": 2.5090293884277344, "best_epoch": 1, "_wandb": {"runtime": 2547}}