{"graph": {"_type": "graph-file", "sha256": "3a88f344c1a84bafedca3c03960728d5a3c8a86dd5dab227118f02277dcc3045", "size": 1268, "path": "media/graph/graph_summary_3a88f344c1a84bafedca.graph.json"}, "epoch": 9, "_timestamp": 1655622993, "_runtime": 2796, "loss": 2.6209635734558105, "diease_outputs_loss": 1.1215287446975708, "grow_outputs_loss": 1.499433994293213, "diease_outputs_accuracy": 0.4389953017234802, "grow_outputs_accuracy": 0.33353209495544434, "val_loss": 2.6194684505462646, "val_diease_outputs_loss": 1.1214637756347656, "val_grow_outputs_loss": 1.4980056285858154, "val_diease_outputs_accuracy": 0.4386904835700989, "val_grow_outputs_accuracy": 0.3336309492588043, "_step": 9, "best_val_loss": 2.6194684505462646, "best_epoch": 9, "_wandb": {"runtime": 2795}}