{"graph": {"_type": "graph-file", "sha256": "3a88f344c1a84bafedca3c03960728d5a3c8a86dd5dab227118f02277dcc3045", "size": 1268, "path": "media/graph/graph_summary_3a88f344c1a84bafedca.graph.json"}, "epoch": 9, "_timestamp": 1655497888, "_runtime": 2987, "loss": 2.7400612831115723, "diease_outputs_loss": 1.1804755926132202, "grow_outputs_loss": 1.559585452079773, "diease_outputs_accuracy": 0.38955703377723694, "grow_outputs_accuracy": 0.2928960919380188, "val_loss": 2.632464647293091, "val_diease_outputs_loss": 1.1194581985473633, "val_grow_outputs_loss": 1.5130059719085693, "val_diease_outputs_accuracy": 0.4386904835700989, "val_grow_outputs_accuracy": 0.3351190388202667, "_step": 9, "best_val_loss": 2.632464647293091, "best_epoch": 9, "_wandb": {"runtime": 2987}}