{"graph": {"_type": "graph-file", "sha256": "d3e3630785a0276a099e65c0ad5c7b7ac6a5ac20bc44babe53622479c58654de", "size": 1305, "path": "media/graph/graph_summary_d3e3630785a0276a099e.graph.json"}, "epoch": 10, "_timestamp": 1656042439, "_runtime": 1285, "loss": 1.605057954788208, "diease_outputs_loss": 1.1993522644042969, "grow_outputs_loss": 0.40570613741874695, "diease_outputs_accuracy": 0.4050444960594177, "grow_outputs_accuracy": 0.8598982691764832, "val_loss": 1.6021482944488525, "val_diease_outputs_loss": 1.1967731714248657, "val_grow_outputs_loss": 0.40537500381469727, "val_diease_outputs_accuracy": 0.4075949490070343, "val_grow_outputs_accuracy": 0.8599156141281128, "_step": 10, "best_val_loss": 1.4540339708328247, "best_epoch": 1, "_wandb": {"runtime": 1283}}