{"graph": {"_type": "graph-file", "sha256": "d3e3630785a0276a099e65c0ad5c7b7ac6a5ac20bc44babe53622479c58654de", "size": 1305, "path": "media/graph/graph_summary_d3e3630785a0276a099e.graph.json"}, "epoch": 14, "_timestamp": 1656059554, "_runtime": 1757, "loss": 0.13354946672916412, "diease_outputs_loss": 0.09537886083126068, "grow_outputs_loss": 0.03817058354616165, "diease_outputs_accuracy": 0.9754133224487305, "grow_outputs_accuracy": 0.9898262023925781, "val_loss": 0.3330232501029968, "val_diease_outputs_loss": 0.23535513877868652, "val_grow_outputs_loss": 0.09766805171966553, "val_diease_outputs_accuracy": 0.9324894547462463, "val_grow_outputs_accuracy": 0.9679324626922607, "_step": 14, "best_val_loss": 0.10968945920467377, "best_epoch": 4, "_wandb": {"runtime": 1756}}