{"graph": {"_type": "graph-file", "sha256": "b59c9d6a736277ea34dc4e49cc8b25b0bbf6c3031ff22dcc1275e0de1c55e84b", "size": 1306, "path": "media/graph/graph_summary_b59c9d6a736277ea34dc.graph.json"}, "epoch": 74, "_timestamp": 1655830515, "_runtime": 13572, "loss": 0.05490103363990784, "diease_outputs_loss": 0.011517300270497799, "grow_outputs_loss": 0.04338369518518448, "diease_outputs_accuracy": 0.9964224696159363, "grow_outputs_accuracy": 0.9854661822319031, "val_loss": 0.14645369350910187, "val_diease_outputs_loss": 0.026350237429142, "val_grow_outputs_loss": 0.12010343372821808, "val_diease_outputs_accuracy": 0.9958333373069763, "val_grow_outputs_accuracy": 0.9711309671401978, "_step": 32, "best_val_loss": 0.12082654982805252, "best_epoch": 58}