{"graph": {"_type": "graph-file", "sha256": "5b5f0ac2dcdb38b8953b2b6125ed4d331fcb668fbf618b725b6514e5f33a15f3", "size": 1274, "path": "media/graph/graph_summary_5b5f0ac2dcdb38b8953b.graph.json"}, "epoch": 0, "_timestamp": 1655384191, "_runtime": 291, "loss": 2.5158538818359375, "diease_outputs_loss": 1.0662680864334106, "grow_outputs_loss": 1.4495856761932373, "diease_outputs_accuracy": 0.43824881315231323, "grow_outputs_accuracy": 0.3562655448913574, "val_loss": 2.344910144805908, "val_diease_outputs_loss": 1.0014985799789429, "val_grow_outputs_loss": 1.343411922454834, "val_diease_outputs_accuracy": 0.4799879491329193, "val_grow_outputs_accuracy": 0.474571168422699, "_step": 0, "best_val_loss": 2.344910144805908, "best_epoch": 0}