{"graph": {"_type": "graph-file", "sha256": "d3e3630785a0276a099e65c0ad5c7b7ac6a5ac20bc44babe53622479c58654de", "size": 1305, "path": "media/graph/graph_summary_d3e3630785a0276a099e.graph.json"}, "epoch": 14, "_timestamp": 1656107422, "_runtime": 1695, "loss": 0.24628402292728424, "diease_outputs_loss": 0.08220786601305008, "grow_outputs_loss": 0.1640760898590088, "diease_outputs_accuracy": 0.9752013683319092, "grow_outputs_accuracy": 0.9898262023925781, "val_loss": 0.22696705162525177, "val_diease_outputs_loss": 0.1501057893037796, "val_grow_outputs_loss": 0.07686126977205276, "val_diease_outputs_accuracy": 0.9552742838859558, "val_grow_outputs_accuracy": 0.9738396406173706, "_step": 14, "best_val_loss": 0.10736284404993057, "best_epoch": 13, "_wandb": {"runtime": 1693}}