{"graph": {"_type": "graph-file", "sha256": "63f1214d5961e6d5aae566a3051e819d497e20f265cdb8eafe96bc270208f8fb", "size": 1312, "path": "media/graph/graph_summary_63f1214d5961e6d5aae5.graph.json"}, "epoch": 4, "_timestamp": 1655571554, "_runtime": 1560, "loss": 1.265328288078308, "diease_outputs_loss": 0.46004486083984375, "grow_outputs_loss": 0.8052838444709778, "diease_outputs_accuracy": 0.8279794454574585, "grow_outputs_accuracy": 0.6677349805831909, "val_loss": 1.2028701305389404, "val_diease_outputs_loss": 0.27751848101615906, "val_grow_outputs_loss": 0.9253522753715515, "val_diease_outputs_accuracy": 0.8928571343421936, "val_grow_outputs_accuracy": 0.648809552192688, "_step": 4, "best_val_loss": 1.1639922857284546, "best_epoch": 3}