{"graph": {"_type": "graph-file", "sha256": "d3e3630785a0276a099e65c0ad5c7b7ac6a5ac20bc44babe53622479c58654de", "size": 1305, "path": "media/graph/graph_summary_d3e3630785a0276a099e.graph.json"}, "epoch": 9, "_timestamp": 1656048497, "_runtime": 1128, "loss": 0.4979989528656006, "diease_outputs_loss": 0.35464006662368774, "grow_outputs_loss": 0.14335885643959045, "diease_outputs_accuracy": 0.9111911654472351, "grow_outputs_accuracy": 0.964815616607666, "val_loss": 0.26783499121665955, "val_diease_outputs_loss": 0.15820656716823578, "val_grow_outputs_loss": 0.10962849110364914, "val_diease_outputs_accuracy": 0.9510548710823059, "val_grow_outputs_accuracy": 0.9797468185424805, "_step": 9, "best_val_loss": 0.22101375460624695, "best_epoch": 4, "_wandb": {"runtime": 1127}}