{"graph": {"_type": "graph-file", "sha256": "d3e3630785a0276a099e65c0ad5c7b7ac6a5ac20bc44babe53622479c58654de", "size": 1305, "path": "media/graph/graph_summary_d3e3630785a0276a099e.graph.json"}, "epoch": 9, "_timestamp": 1656115581, "_runtime": 1789, "loss": 0.22526609897613525, "diease_outputs_loss": 0.15037420392036438, "grow_outputs_loss": 0.07489178329706192, "diease_outputs_accuracy": 0.95231032371521, "grow_outputs_accuracy": 0.980924129486084, "val_loss": 0.17561790347099304, "val_diease_outputs_loss": 0.13330304622650146, "val_grow_outputs_loss": 0.04231487959623337, "val_diease_outputs_accuracy": 0.9654008150100708, "val_grow_outputs_accuracy": 0.9881856441497803, "_step": 9, "best_val_loss": 0.17561790347099304, "best_epoch": 9, "_wandb": {"runtime": 1953}}