{"graph": {"_type": "graph-file", "sha256": "e9273d19589228f3156180bfdbcce5c2c0ac60381596718a522a0f282ef9e3e3", "size": 1271, "path": "media/graph/graph_summary_e9273d19589228f31561.graph.json"}, "epoch": 0, "_timestamp": 1655340525, "_runtime": 2572, "loss": 2.5719010829925537, "diease_outputs_loss": 1.0742642879486084, "grow_outputs_loss": 1.4976364374160767, "diease_outputs_accuracy": 0.4435659945011139, "grow_outputs_accuracy": 0.3334839344024658, "val_loss": 2.5706512928009033, "val_diease_outputs_loss": 1.0722010135650635, "val_grow_outputs_loss": 1.498449444770813, "val_diease_outputs_accuracy": 0.44357508420944214, "val_grow_outputs_accuracy": 0.33433642983436584, "_step": 1, "best_val_loss": 2.5706512928009033, "best_epoch": 0}