{"graph": {"_type": "graph-file", "sha256": "5b5f0ac2dcdb38b8953b2b6125ed4d331fcb668fbf618b725b6514e5f33a15f3", "size": 1274, "path": "media/graph/graph_summary_5b5f0ac2dcdb38b8953b.graph.json"}, "epoch": 1, "_timestamp": 1655377286, "_runtime": 577, "loss": 2.6982178688049316, "diease_outputs_loss": 1.1270551681518555, "grow_outputs_loss": 1.5711634159088135, "diease_outputs_accuracy": 0.3946198523044586, "grow_outputs_accuracy": 0.28957879543304443, "val_loss": 2.55861496925354, "val_diease_outputs_loss": 1.0655293464660645, "val_grow_outputs_loss": 1.4930864572525024, "val_diease_outputs_accuracy": 0.44357508420944214, "val_grow_outputs_accuracy": 0.33433642983436584, "_step": 1, "best_val_loss": 2.55861496925354, "best_epoch": 1, "_wandb": {"runtime": 577}}