{"graph": {"_type": "graph-file", "sha256": "5b5f0ac2dcdb38b8953b2b6125ed4d331fcb668fbf618b725b6514e5f33a15f3", "size": 1274, "path": "media/graph/graph_summary_5b5f0ac2dcdb38b8953b.graph.json"}, "epoch": 1, "_timestamp": 1655366756, "_runtime": 2552, "loss": 2.804274559020996, "diease_outputs_loss": 1.1514233350753784, "grow_outputs_loss": 1.6528528928756714, "diease_outputs_accuracy": 0.35463401675224304, "grow_outputs_accuracy": 0.24808146059513092, "val_loss": 2.673370361328125, "val_diease_outputs_loss": 1.0828264951705933, "val_grow_outputs_loss": 1.5905431509017944, "val_diease_outputs_accuracy": 0.38823530077934265, "val_grow_outputs_accuracy": 0.25, "_step": 1, "best_val_loss": 2.651721715927124, "best_epoch": 0, "_wandb": {"runtime": 2549}}