{"graph": {"_type": "graph-file", "sha256": "d3e3630785a0276a099e65c0ad5c7b7ac6a5ac20bc44babe53622479c58654de", "size": 1305, "path": "media/graph/graph_summary_d3e3630785a0276a099e.graph.json"}, "epoch": 17, "_timestamp": 1656101128, "_runtime": 2655, "loss": 0.5661522746086121, "diease_outputs_loss": 0.46502599120140076, "grow_outputs_loss": 0.10112623125314713, "diease_outputs_accuracy": 0.9590928554534912, "grow_outputs_accuracy": 0.9800763130187988, "val_loss": 0.14991280436515808, "val_diease_outputs_loss": 0.09694985300302505, "val_grow_outputs_loss": 0.052962951362133026, "val_diease_outputs_accuracy": 0.9746835231781006, "val_grow_outputs_accuracy": 0.9890295267105103, "_step": 17, "best_val_loss": 0.1241135448217392, "best_epoch": 6, "_wandb": {"runtime": 2654}}