{"graph": {"_type": "graph-file", "sha256": "a5d08625cf7a705c6351eafce8ffba36c521394ee715b7842305b5e66e880049", "size": 1262, "path": "media/graph/graph_summary_a5d08625cf7a705c6351.graph.json"}, "epoch": 9, "_timestamp": 1655626021, "_runtime": 3008, "loss": 2.7838551998138428, "diease_outputs_loss": 1.240051031112671, "grow_outputs_loss": 1.543804407119751, "diease_outputs_accuracy": 0.43885859847068787, "grow_outputs_accuracy": 0.33338314294815063, "val_loss": 2.7803049087524414, "val_diease_outputs_loss": 1.2381463050842285, "val_grow_outputs_loss": 1.5421593189239502, "val_diease_outputs_accuracy": 0.4386904835700989, "val_grow_outputs_accuracy": 0.3336309492588043, "_step": 9, "best_val_loss": 2.7803049087524414, "best_epoch": 9, "_wandb": {"runtime": 3008}}