{"graph": {"_type": "graph-file", "sha256": "3a88f344c1a84bafedca3c03960728d5a3c8a86dd5dab227118f02277dcc3045", "size": 1268, "path": "media/graph/graph_summary_3a88f344c1a84bafedca.graph.json"}, "epoch": 9, "_timestamp": 1655483419, "_runtime": 2948, "loss": 2.3722431659698486, "diease_outputs_loss": 1.0395210981369019, "grow_outputs_loss": 1.3327220678329468, "diease_outputs_accuracy": 0.48913124203681946, "grow_outputs_accuracy": 0.4391573965549469, "val_loss": 2.241600751876831, "val_diease_outputs_loss": 0.9909968972206116, "val_grow_outputs_loss": 1.2506030797958374, "val_diease_outputs_accuracy": 0.4937500059604645, "val_grow_outputs_accuracy": 0.5041666626930237, "_step": 9, "best_val_loss": 2.241600751876831, "best_epoch": 9, "_wandb": {"runtime": 2948}}