{"graph": {"_type": "graph-file", "sha256": "b59c9d6a736277ea34dc4e49cc8b25b0bbf6c3031ff22dcc1275e0de1c55e84b", "size": 1306, "path": "media/graph/graph_summary_b59c9d6a736277ea34dc.graph.json"}, "epoch": 49, "_timestamp": 1655816328, "_runtime": 4040, "loss": 0.18826846778392792, "diease_outputs_loss": 0.02678023651242256, "grow_outputs_loss": 0.16148795187473297, "diease_outputs_accuracy": 0.9907580018043518, "grow_outputs_accuracy": 0.9429827928543091, "val_loss": 0.18939922749996185, "val_diease_outputs_loss": 0.017386475577950478, "val_grow_outputs_loss": 0.1720128059387207, "val_diease_outputs_accuracy": 0.9937499761581421, "val_grow_outputs_accuracy": 0.9330357313156128, "_step": 7, "best_val_loss": 0.18939922749996185, "best_epoch": 49}