{"graph": {"_type": "graph-file", "sha256": "a5d08625cf7a705c6351eafce8ffba36c521394ee715b7842305b5e66e880049", "size": 1262, "path": "media/graph/graph_summary_a5d08625cf7a705c6351.graph.json"}, "epoch": 9, "_timestamp": 1655477434, "_runtime": 2751, "loss": 2.524380683898926, "diease_outputs_loss": 1.0952966213226318, "grow_outputs_loss": 1.4290852546691895, "diease_outputs_accuracy": 0.4460013508796692, "grow_outputs_accuracy": 0.3783259987831116, "val_loss": 2.4418251514434814, "val_diease_outputs_loss": 1.06964910030365, "val_grow_outputs_loss": 1.3721755743026733, "val_diease_outputs_accuracy": 0.4404761791229248, "val_grow_outputs_accuracy": 0.4431547522544861, "_step": 9, "best_val_loss": 2.4418251514434814, "best_epoch": 9, "_wandb": {"runtime": 2751}}