{"graph": {"_type": "graph-file", "sha256": "5b5f0ac2dcdb38b8953b2b6125ed4d331fcb668fbf618b725b6514e5f33a15f3", "size": 1274, "path": "media/graph/graph_summary_5b5f0ac2dcdb38b8953b.graph.json"}, "epoch": 1, "_timestamp": 1655374263, "_runtime": 623, "loss": 2.6022891998291016, "diease_outputs_loss": 1.0739320516586304, "grow_outputs_loss": 1.5283567905426025, "diease_outputs_accuracy": 0.4435465633869171, "grow_outputs_accuracy": 0.33441582322120667, "val_loss": 2.5905065536499023, "val_diease_outputs_loss": 1.072719693183899, "val_grow_outputs_loss": 1.5177870988845825, "val_diease_outputs_accuracy": 0.44357508420944214, "val_grow_outputs_accuracy": 0.33433642983436584, "_step": 1, "best_val_loss": 2.5905065536499023, "best_epoch": 1, "_wandb": {"runtime": 622}}