{"graph": {"_type": "graph-file", "sha256": "63f1214d5961e6d5aae566a3051e819d497e20f265cdb8eafe96bc270208f8fb", "size": 1312, "path": "media/graph/graph_summary_63f1214d5961e6d5aae5.graph.json"}, "epoch": 9, "_timestamp": 1655643523, "_runtime": 3201, "loss": 1.2700191736221313, "diease_outputs_loss": 0.48518386483192444, "grow_outputs_loss": 0.7848359942436218, "diease_outputs_accuracy": 0.8162032961845398, "grow_outputs_accuracy": 0.6715360879898071, "val_loss": 1.17848801612854, "val_diease_outputs_loss": 0.4264538586139679, "val_grow_outputs_loss": 0.7520337700843811, "val_diease_outputs_accuracy": 0.8476190567016602, "val_grow_outputs_accuracy": 0.6860119104385376, "_step": 9, "best_val_loss": 1.17848801612854, "best_epoch": 9, "_wandb": {"runtime": 3201}}