{"graph": {"_type": "graph-file", "sha256": "a5d08625cf7a705c6351eafce8ffba36c521394ee715b7842305b5e66e880049", "size": 1262, "path": "media/graph/graph_summary_a5d08625cf7a705c6351.graph.json"}, "epoch": 9, "_timestamp": 1655640301, "_runtime": 3011, "loss": 2.9921655654907227, "diease_outputs_loss": 1.3709717988967896, "grow_outputs_loss": 1.6211949586868286, "diease_outputs_accuracy": 0.39889445900917053, "grow_outputs_accuracy": 0.12056472897529602, "val_loss": 2.9886319637298584, "val_diease_outputs_loss": 1.368266224861145, "val_grow_outputs_loss": 1.6203646659851074, "val_diease_outputs_accuracy": 0.4386904835700989, "val_grow_outputs_accuracy": 0.05714285746216774, "_step": 9, "best_val_loss": 2.9886319637298584, "best_epoch": 9, "_wandb": {"runtime": 3010}}