{"graph": {"_type": "graph-file", "sha256": "d3e3630785a0276a099e65c0ad5c7b7ac6a5ac20bc44babe53622479c58654de", "size": 1305, "path": "media/graph/graph_summary_d3e3630785a0276a099e.graph.json"}, "epoch": 13, "_timestamp": 1656111766, "_runtime": 1635, "loss": 0.16832700371742249, "diease_outputs_loss": 0.12331968545913696, "grow_outputs_loss": 0.0450073666870594, "diease_outputs_accuracy": 0.9707503318786621, "grow_outputs_accuracy": 0.9883425235748291, "val_loss": 0.19222939014434814, "val_diease_outputs_loss": 0.1280338019132614, "val_grow_outputs_loss": 0.06419559568166733, "val_diease_outputs_accuracy": 0.9713079929351807, "val_grow_outputs_accuracy": 0.9890295267105103, "_step": 13, "best_val_loss": 0.1057446151971817, "best_epoch": 10, "_wandb": {"runtime": 1634}}