{"graph": {"_type": "graph-file", "sha256": "d3e3630785a0276a099e65c0ad5c7b7ac6a5ac20bc44babe53622479c58654de", "size": 1305, "path": "media/graph/graph_summary_d3e3630785a0276a099e.graph.json"}, "epoch": 13, "_timestamp": 1656096288, "_runtime": 2475, "loss": 0.23901532590389252, "diease_outputs_loss": 0.16545414924621582, "grow_outputs_loss": 0.07356113195419312, "diease_outputs_accuracy": 0.9535820484161377, "grow_outputs_accuracy": 0.9788045883178711, "val_loss": 0.1989528089761734, "val_diease_outputs_loss": 0.15302346646785736, "val_grow_outputs_loss": 0.04592934250831604, "val_diease_outputs_accuracy": 0.9670885801315308, "val_grow_outputs_accuracy": 0.9856539964675903, "_step": 13, "best_val_loss": 0.1360713392496109, "best_epoch": 10, "_wandb": {"runtime": 2475}}