{"graph": {"_type": "graph-file", "sha256": "a5d08625cf7a705c6351eafce8ffba36c521394ee715b7842305b5e66e880049", "size": 1262, "path": "media/graph/graph_summary_a5d08625cf7a705c6351.graph.json"}, "epoch": 9, "_timestamp": 1655452534, "_runtime": 2867, "loss": 2.596754789352417, "diease_outputs_loss": 1.1211743354797363, "grow_outputs_loss": 1.475578784942627, "diease_outputs_accuracy": 0.4359394907951355, "grow_outputs_accuracy": 0.34530818462371826, "val_loss": 2.559509038925171, "val_diease_outputs_loss": 1.1061630249023438, "val_grow_outputs_loss": 1.4533452987670898, "val_diease_outputs_accuracy": 0.4386904835700989, "val_grow_outputs_accuracy": 0.37559524178504944, "_step": 9, "best_val_loss": 2.559509038925171, "best_epoch": 9, "_wandb": {"runtime": 2867}}