{"graph": {"_type": "graph-file", "sha256": "d3e3630785a0276a099e65c0ad5c7b7ac6a5ac20bc44babe53622479c58654de", "size": 1305, "path": "media/graph/graph_summary_d3e3630785a0276a099e.graph.json"}, "epoch": 21, "_timestamp": 1656039779, "_runtime": 2564, "loss": 0.4761236310005188, "diease_outputs_loss": 0.3415873050689697, "grow_outputs_loss": 0.13453646004199982, "diease_outputs_accuracy": 0.9139465689659119, "grow_outputs_accuracy": 0.9599406719207764, "val_loss": 0.27108892798423767, "val_diease_outputs_loss": 0.18310771882534027, "val_grow_outputs_loss": 0.0879812091588974, "val_diease_outputs_accuracy": 0.9274261593818665, "val_grow_outputs_accuracy": 0.9704641103744507, "_step": 21, "best_val_loss": 0.21090738475322723, "best_epoch": 17, "_wandb": {"runtime": 2563}}