{"graph": {"_type": "graph-file", "sha256": "e9273d19589228f3156180bfdbcce5c2c0ac60381596718a522a0f282ef9e3e3", "size": 1271, "path": "media/graph/graph_summary_e9273d19589228f31561.graph.json"}, "epoch": 1, "_timestamp": 1655382115, "_runtime": 580, "loss": 2.357234477996826, "diease_outputs_loss": 1.0152661800384521, "grow_outputs_loss": 1.3419667482376099, "diease_outputs_accuracy": 0.47918078303337097, "grow_outputs_accuracy": 0.4301633834838867, "val_loss": 2.2453598976135254, "val_diease_outputs_loss": 0.9657984375953674, "val_grow_outputs_loss": 1.2795615196228027, "val_diease_outputs_accuracy": 0.5362623929977417, "val_grow_outputs_accuracy": 0.45109841227531433, "_step": 1, "best_val_loss": 2.2453598976135254, "best_epoch": 1, "_wandb": {"runtime": 579}}