{"graph": {"_type": "graph-file", "sha256": "5b5f0ac2dcdb38b8953b2b6125ed4d331fcb668fbf618b725b6514e5f33a15f3", "size": 1274, "path": "media/graph/graph_summary_5b5f0ac2dcdb38b8953b.graph.json"}, "epoch": 1, "_timestamp": 1655374898, "_runtime": 622, "loss": 2.5174620151519775, "diease_outputs_loss": 1.0649282932281494, "grow_outputs_loss": 1.4525333642959595, "diease_outputs_accuracy": 0.43795785307884216, "grow_outputs_accuracy": 0.35616645216941833, "val_loss": 2.4388699531555176, "val_diease_outputs_loss": 1.0191423892974854, "val_grow_outputs_loss": 1.4197278022766113, "val_diease_outputs_accuracy": 0.4670478403568268, "val_grow_outputs_accuracy": 0.38158291578292847, "_step": 1, "best_val_loss": 2.4388699531555176, "best_epoch": 1, "_wandb": {"runtime": 621}}