{"graph": {"_type": "graph-file", "sha256": "4f3d29582fda618759a715233a29977fde601c4daace36c4d06eae8b698cd769", "size": 1267, "path": "media/graph/graph_summary_4f3d29582fda618759a7.graph.json"}, "epoch": 1, "_timestamp": 1655383292, "_runtime": 577, "loss": 2.368779420852661, "diease_outputs_loss": 1.011980414390564, "grow_outputs_loss": 1.3567978143692017, "diease_outputs_accuracy": 0.46846505999565125, "grow_outputs_accuracy": 0.42596638202667236, "val_loss": 2.261751413345337, "val_diease_outputs_loss": 0.9658809900283813, "val_grow_outputs_loss": 1.2958701848983765, "val_diease_outputs_accuracy": 0.5344567894935608, "val_grow_outputs_accuracy": 0.42160698771476746, "_step": 1, "best_val_loss": 2.261751413345337, "best_epoch": 1, "_wandb": {"runtime": 576}}