{"graph": {"_type": "graph-file", "sha256": "63f1214d5961e6d5aae566a3051e819d497e20f265cdb8eafe96bc270208f8fb", "size": 1312, "path": "media/graph/graph_summary_63f1214d5961e6d5aae5.graph.json"}, "epoch": 9, "_timestamp": 1655583566, "_runtime": 3214, "loss": 2.3875467777252197, "diease_outputs_loss": 1.0734169483184814, "grow_outputs_loss": 1.3141287565231323, "diease_outputs_accuracy": 0.6749085187911987, "grow_outputs_accuracy": 0.614775538444519, "val_loss": 2.36680269241333, "val_diease_outputs_loss": 1.0641310214996338, "val_grow_outputs_loss": 1.302672028541565, "val_diease_outputs_accuracy": 0.6717261672019958, "val_grow_outputs_accuracy": 0.6151785850524902, "_step": 9, "best_val_loss": 2.36680269241333, "best_epoch": 9, "_wandb": {"runtime": 3214}}