{"graph": {"_type": "graph-file", "sha256": "3a88f344c1a84bafedca3c03960728d5a3c8a86dd5dab227118f02277dcc3045", "size": 1268, "path": "media/graph/graph_summary_3a88f344c1a84bafedca.graph.json"}, "epoch": 9, "_timestamp": 1655577541, "_runtime": 2795, "loss": 2.4704153537750244, "diease_outputs_loss": 1.0808954238891602, "grow_outputs_loss": 1.3895201683044434, "diease_outputs_accuracy": 0.47313109040260315, "grow_outputs_accuracy": 0.4118655323982239, "val_loss": 2.2386484146118164, "val_diease_outputs_loss": 1.0205767154693604, "val_grow_outputs_loss": 1.2180721759796143, "val_diease_outputs_accuracy": 0.5175595283508301, "val_grow_outputs_accuracy": 0.5157738327980042, "_step": 9, "best_val_loss": 2.2361299991607666, "best_epoch": 8, "_wandb": {"runtime": 2794}}