{"graph": {"_type": "graph-file", "sha256": "e9273d19589228f3156180bfdbcce5c2c0ac60381596718a522a0f282ef9e3e3", "size": 1271, "path": "media/graph/graph_summary_e9273d19589228f31561.graph.json"}, "epoch": 0, "_timestamp": 1655283754, "_runtime": 3232, "loss": 2.635701894760132, "diease_outputs_loss": 1.1073638200759888, "grow_outputs_loss": 1.5283375978469849, "diease_outputs_accuracy": 0.4114901125431061, "grow_outputs_accuracy": 0.316015362739563, "val_loss": 2.4479382038116455, "val_diease_outputs_loss": 1.027201533317566, "val_grow_outputs_loss": 1.42073655128479, "val_diease_outputs_accuracy": 0.4718627631664276, "val_grow_outputs_accuracy": 0.33854949474334717, "_step": 0, "best_val_loss": 2.4479382038116455, "best_epoch": 0}