{"graph": {"_type": "graph-file", "sha256": "b59c9d6a736277ea34dc4e49cc8b25b0bbf6c3031ff22dcc1275e0de1c55e84b", "size": 1306, "path": "media/graph/graph_summary_b59c9d6a736277ea34dc.graph.json"}, "epoch": 71, "_timestamp": 1656030436, "_runtime": 12228, "loss": 0.05393131449818611, "diease_outputs_loss": 0.011266946792602539, "grow_outputs_loss": 0.04266439005732536, "diease_outputs_accuracy": 0.9963479042053223, "grow_outputs_accuracy": 0.9854661822319031, "val_loss": 0.14295098185539246, "val_diease_outputs_loss": 0.016496481373906136, "val_grow_outputs_loss": 0.12645448744297028, "val_diease_outputs_accuracy": 0.9934523701667786, "val_grow_outputs_accuracy": 0.9607142806053162, "_step": 29, "best_val_loss": 0.12463264167308807, "best_epoch": 61, "_wandb": {"runtime": 12530}}