{"graph": {"_type": "graph-file", "sha256": "19feb72f96d6ab464d3f3404b7c744c258b19ada75da7bdeb5db690dd4613b9f", "size": 1266, "path": "media/graph/graph_summary_19feb72f96d6ab464d3f.graph.json"}, "epoch": 9, "_timestamp": 1655586376, "_runtime": 2779, "loss": 2.3872625827789307, "diease_outputs_loss": 1.0442702770233154, "grow_outputs_loss": 1.342992901802063, "diease_outputs_accuracy": 0.4637400209903717, "grow_outputs_accuracy": 0.43988969922065735, "val_loss": 2.3035807609558105, "val_diease_outputs_loss": 1.018027424812317, "val_grow_outputs_loss": 1.2855530977249146, "val_diease_outputs_accuracy": 0.48124998807907104, "val_grow_outputs_accuracy": 0.4821428656578064, "_step": 9, "best_val_loss": 2.291476011276245, "best_epoch": 3, "_wandb": {"runtime": 2778}}