{"graph": {"_type": "graph-file", "sha256": "63f1214d5961e6d5aae566a3051e819d497e20f265cdb8eafe96bc270208f8fb", "size": 1312, "path": "media/graph/graph_summary_63f1214d5961e6d5aae5.graph.json"}, "epoch": 9, "_timestamp": 1655592863, "_runtime": 3218, "loss": 2.0737557411193848, "diease_outputs_loss": 0.9041821956634521, "grow_outputs_loss": 1.1695730686187744, "diease_outputs_accuracy": 0.6386046409606934, "grow_outputs_accuracy": 0.5376111268997192, "val_loss": 1.9784249067306519, "val_diease_outputs_loss": 0.8629094362258911, "val_grow_outputs_loss": 1.1155158281326294, "val_diease_outputs_accuracy": 0.6622023582458496, "val_grow_outputs_accuracy": 0.5666666626930237, "_step": 9, "best_val_loss": 1.9784249067306519, "best_epoch": 9, "_wandb": {"runtime": 3218}}