{"graph": {"_type": "graph-file", "sha256": "d3e3630785a0276a099e65c0ad5c7b7ac6a5ac20bc44babe53622479c58654de", "size": 1305, "path": "media/graph/graph_summary_d3e3630785a0276a099e.graph.json"}, "epoch": 15, "_timestamp": 1656068959, "_runtime": 1881, "loss": 0.189651221036911, "diease_outputs_loss": 0.12855401635169983, "grow_outputs_loss": 0.061097316443920135, "diease_outputs_accuracy": 0.9658753871917725, "grow_outputs_accuracy": 0.9851632118225098, "val_loss": 0.18898580968379974, "val_diease_outputs_loss": 0.11718864738941193, "val_grow_outputs_loss": 0.07179713249206543, "val_diease_outputs_accuracy": 0.9637131094932556, "val_grow_outputs_accuracy": 0.9940928220748901, "_step": 15, "best_val_loss": 0.07135917991399765, "best_epoch": 6, "_wandb": {"runtime": 1880}}