{"graph": {"_type": "graph-file", "sha256": "d3e3630785a0276a099e65c0ad5c7b7ac6a5ac20bc44babe53622479c58654de", "size": 1305, "path": "media/graph/graph_summary_d3e3630785a0276a099e.graph.json"}, "epoch": 14, "_timestamp": 1656081652, "_runtime": 1755, "loss": 0.16803954541683197, "diease_outputs_loss": 0.12691618502140045, "grow_outputs_loss": 0.041123367846012115, "diease_outputs_accuracy": 0.9673590660095215, "grow_outputs_accuracy": 0.9881305694580078, "val_loss": 0.16395460069179535, "val_diease_outputs_loss": 0.13856814801692963, "val_grow_outputs_loss": 0.025386426597833633, "val_diease_outputs_accuracy": 0.9510548710823059, "val_grow_outputs_accuracy": 0.9907172918319702, "_step": 14, "best_val_loss": 0.0848073810338974, "best_epoch": 12, "_wandb": {"runtime": 1754}}