{"graph": {"_type": "graph-file", "sha256": "b59c9d6a736277ea34dc4e49cc8b25b0bbf6c3031ff22dcc1275e0de1c55e84b", "size": 1306, "path": "media/graph/graph_summary_b59c9d6a736277ea34dc.graph.json"}, "epoch": 60, "_timestamp": 1655902631, "_runtime": 6023, "loss": 0.10062779486179352, "diease_outputs_loss": 0.012310062535107136, "grow_outputs_loss": 0.08831769973039627, "diease_outputs_accuracy": 0.995751678943634, "grow_outputs_accuracy": 0.9663859009742737, "val_loss": 0.2875857353210449, "val_diease_outputs_loss": 0.043652623891830444, "val_grow_outputs_loss": 0.24393323063850403, "val_diease_outputs_accuracy": 0.987500011920929, "val_grow_outputs_accuracy": 0.938095211982727, "_step": 18, "best_val_loss": 0.20025554299354553, "best_epoch": 56}