{"graph": {"_type": "graph-file", "sha256": "63f1214d5961e6d5aae566a3051e819d497e20f265cdb8eafe96bc270208f8fb", "size": 1312, "path": "media/graph/graph_summary_63f1214d5961e6d5aae5.graph.json"}, "epoch": 9, "_timestamp": 1655446400, "_runtime": 3232, "loss": 1.1229894161224365, "diease_outputs_loss": 0.3761487901210785, "grow_outputs_loss": 0.7468408346176147, "diease_outputs_accuracy": 0.8636736869812012, "grow_outputs_accuracy": 0.681257963180542, "val_loss": 1.0823986530303955, "val_diease_outputs_loss": 0.34270820021629333, "val_grow_outputs_loss": 0.7396904826164246, "val_diease_outputs_accuracy": 0.881845235824585, "val_grow_outputs_accuracy": 0.6797618865966797, "_step": 9, "best_val_loss": 0.999423086643219, "best_epoch": 7, "_wandb": {"runtime": 3231}}