{"graph": {"_type": "graph-file", "sha256": "4f3d29582fda618759a715233a29977fde601c4daace36c4d06eae8b698cd769", "size": 1267, "path": "media/graph/graph_summary_4f3d29582fda618759a7.graph.json"}, "epoch": 1, "_timestamp": 1655364195, "_runtime": 2553, "loss": 2.8251559734344482, "diease_outputs_loss": 1.1738356351852417, "grow_outputs_loss": 1.6513211727142334, "diease_outputs_accuracy": 0.37032124400138855, "grow_outputs_accuracy": 0.2427055686712265, "val_loss": 2.670940637588501, "val_diease_outputs_loss": 1.0968847274780273, "val_grow_outputs_loss": 1.5740567445755005, "val_diease_outputs_accuracy": 0.30588236451148987, "val_grow_outputs_accuracy": 0.29588234424591064, "_step": 1, "best_val_loss": 2.66135573387146, "best_epoch": 0, "_wandb": {"runtime": 2551}}