{"graph": {"_type": "graph-file", "sha256": "63f1214d5961e6d5aae566a3051e819d497e20f265cdb8eafe96bc270208f8fb", "size": 1312, "path": "media/graph/graph_summary_63f1214d5961e6d5aae5.graph.json"}, "epoch": 9, "_timestamp": 1655607962, "_runtime": 3098, "loss": 1.8292802572250366, "diease_outputs_loss": 0.7735447287559509, "grow_outputs_loss": 1.0557366609573364, "diease_outputs_accuracy": 0.6883804202079773, "grow_outputs_accuracy": 0.5604829788208008, "val_loss": 1.5445421934127808, "val_diease_outputs_loss": 0.633126974105835, "val_grow_outputs_loss": 0.9114153385162354, "val_diease_outputs_accuracy": 0.7651785612106323, "val_grow_outputs_accuracy": 0.6154761910438538, "_step": 9, "best_val_loss": 1.5445421934127808, "best_epoch": 9, "_wandb": {"runtime": 3098}}