{"graph": {"_type": "graph-file", "sha256": "d3e3630785a0276a099e65c0ad5c7b7ac6a5ac20bc44babe53622479c58654de", "size": 1305, "path": "media/graph/graph_summary_d3e3630785a0276a099e.graph.json"}, "epoch": 20, "_timestamp": 1656090611, "_runtime": 2340, "loss": 0.1161707416176796, "diease_outputs_loss": 0.07655562460422516, "grow_outputs_loss": 0.03961506485939026, "diease_outputs_accuracy": 0.9747774600982666, "grow_outputs_accuracy": 0.9879186153411865, "val_loss": 0.18410664796829224, "val_diease_outputs_loss": 0.14868801832199097, "val_grow_outputs_loss": 0.03541862219572067, "val_diease_outputs_accuracy": 0.9721518754959106, "val_grow_outputs_accuracy": 0.9873417615890503, "_step": 20, "best_val_loss": 0.10922248661518097, "best_epoch": 12, "_wandb": {"runtime": 2339}}