{"graph": {"_type": "graph-file", "sha256": "d3e3630785a0276a099e65c0ad5c7b7ac6a5ac20bc44babe53622479c58654de", "size": 1305, "path": "media/graph/graph_summary_d3e3630785a0276a099e.graph.json"}, "epoch": 17, "_timestamp": 1656076813, "_runtime": 2114, "loss": 0.25610387325286865, "diease_outputs_loss": 0.20950299501419067, "grow_outputs_loss": 0.046600908041000366, "diease_outputs_accuracy": 0.9720220565795898, "grow_outputs_accuracy": 0.988978385925293, "val_loss": 0.175108402967453, "val_diease_outputs_loss": 0.09795555472373962, "val_grow_outputs_loss": 0.07715290784835815, "val_diease_outputs_accuracy": 0.9789029359817505, "val_grow_outputs_accuracy": 0.9789029359817505, "_step": 17, "best_val_loss": 0.10297513753175735, "best_epoch": 15, "_wandb": {"runtime": 2113}}