{"graph": {"_type": "graph-file", "sha256": "63f1214d5961e6d5aae566a3051e819d497e20f265cdb8eafe96bc270208f8fb", "size": 1312, "path": "media/graph/graph_summary_63f1214d5961e6d5aae5.graph.json"}, "epoch": 9, "_timestamp": 1655598776, "_runtime": 3071, "loss": 1.9809538125991821, "diease_outputs_loss": 0.9269753694534302, "grow_outputs_loss": 1.0539802312850952, "diease_outputs_accuracy": 0.5845568776130676, "grow_outputs_accuracy": 0.521278977394104, "val_loss": 1.9476408958435059, "val_diease_outputs_loss": 0.9146886467933655, "val_grow_outputs_loss": 1.0329519510269165, "val_diease_outputs_accuracy": 0.5973214507102966, "val_grow_outputs_accuracy": 0.530654788017273, "_step": 9, "best_val_loss": 1.915641188621521, "best_epoch": 8, "_wandb": {"runtime": 3070}}