{"graph": {"_type": "graph-file", "sha256": "a5d08625cf7a705c6351eafce8ffba36c521394ee715b7842305b5e66e880049", "size": 1262, "path": "media/graph/graph_summary_a5d08625cf7a705c6351.graph.json"}, "epoch": 9, "_timestamp": 1655516647, "_runtime": 2972, "loss": 2.4167721271514893, "diease_outputs_loss": 1.062657356262207, "grow_outputs_loss": 1.354114294052124, "diease_outputs_accuracy": 0.460521399974823, "grow_outputs_accuracy": 0.44461044669151306, "val_loss": 2.368314504623413, "val_diease_outputs_loss": 1.0446230173110962, "val_grow_outputs_loss": 1.3236908912658691, "val_diease_outputs_accuracy": 0.4538690447807312, "val_grow_outputs_accuracy": 0.4758928716182709, "_step": 9, "best_val_loss": 2.368314504623413, "best_epoch": 9, "_wandb": {"runtime": 2971}}