{"graph": {"_type": "graph-file", "sha256": "b59c9d6a736277ea34dc4e49cc8b25b0bbf6c3031ff22dcc1275e0de1c55e84b", "size": 1306, "path": "media/graph/graph_summary_b59c9d6a736277ea34dc.graph.json"}, "epoch": 95, "_timestamp": 1655866158, "_runtime": 16738, "loss": 0.04642728716135025, "diease_outputs_loss": 0.00399484857916832, "grow_outputs_loss": 0.04243241995573044, "diease_outputs_accuracy": 0.998956561088562, "grow_outputs_accuracy": 0.9859879016876221, "val_loss": 0.190476655960083, "val_diease_outputs_loss": 0.016235260292887688, "val_grow_outputs_loss": 0.17424142360687256, "val_diease_outputs_accuracy": 0.9958333373069763, "val_grow_outputs_accuracy": 0.9622023701667786, "_step": 53, "best_val_loss": 0.15607281029224396, "best_epoch": 61, "_wandb": {"runtime": 16736}}