{"graph": {"_type": "graph-file", "sha256": "63f1214d5961e6d5aae566a3051e819d497e20f265cdb8eafe96bc270208f8fb", "size": 1312, "path": "media/graph/graph_summary_63f1214d5961e6d5aae5.graph.json"}, "epoch": 9, "_timestamp": 1655528319, "_runtime": 3215, "loss": 1.2933191061019897, "diease_outputs_loss": 0.49233514070510864, "grow_outputs_loss": 0.8009838461875916, "diease_outputs_accuracy": 0.8067528009414673, "grow_outputs_accuracy": 0.6619855165481567, "val_loss": 1.1166075468063354, "val_diease_outputs_loss": 0.40981289744377136, "val_grow_outputs_loss": 0.7067949771881104, "val_diease_outputs_accuracy": 0.8497023582458496, "val_grow_outputs_accuracy": 0.7050595283508301, "_step": 9, "best_val_loss": 1.1166075468063354, "best_epoch": 9, "_wandb": {"runtime": 3214}}