{"graph": {"_type": "graph-file", "sha256": "22431f56720ceb570805ec85f19ad088b2c336ae0a7ae93495ef8ce586b95985", "size": 1310, "path": "media/graph/graph_summary_22431f56720ceb570805.graph.json"}, "epoch": 9, "_timestamp": 1655443143, "_runtime": 3241, "loss": 2.4191720485687256, "diease_outputs_loss": 1.079528570175171, "grow_outputs_loss": 1.3396434783935547, "diease_outputs_accuracy": 0.6479420065879822, "grow_outputs_accuracy": 0.597594678401947, "val_loss": 2.393913745880127, "val_diease_outputs_loss": 1.0676497220993042, "val_grow_outputs_loss": 1.3262640237808228, "val_diease_outputs_accuracy": 0.6547619104385376, "val_grow_outputs_accuracy": 0.6017857193946838, "_step": 9, "best_val_loss": 2.393913745880127, "best_epoch": 9, "_wandb": {"runtime": 3241}}