{"graph": {"_type": "graph-file", "sha256": "4f3d29582fda618759a715233a29977fde601c4daace36c4d06eae8b698cd769", "size": 1267, "path": "media/graph/graph_summary_4f3d29582fda618759a7.graph.json"}, "epoch": 1, "_timestamp": 1655379701, "_runtime": 579, "loss": 2.8547160625457764, "diease_outputs_loss": 1.20212721824646, "grow_outputs_loss": 1.652593731880188, "diease_outputs_accuracy": 0.3744446933269501, "grow_outputs_accuracy": 0.2648896872997284, "val_loss": 2.6594340801239014, "val_diease_outputs_loss": 1.1054753065109253, "val_grow_outputs_loss": 1.553959608078003, "val_diease_outputs_accuracy": 0.43605175614356995, "val_grow_outputs_accuracy": 0.33433642983436584, "_step": 1, "best_val_loss": 2.6594340801239014, "best_epoch": 1, "_wandb": {"runtime": 578}}