{"graph": {"_type": "graph-file", "sha256": "3a88f344c1a84bafedca3c03960728d5a3c8a86dd5dab227118f02277dcc3045", "size": 1268, "path": "media/graph/graph_summary_3a88f344c1a84bafedca.graph.json"}, "epoch": 7, "_timestamp": 1655458024, "_runtime": 2419, "loss": 2.749993085861206, "diease_outputs_loss": 1.1680727005004883, "grow_outputs_loss": 1.581921100616455, "diease_outputs_accuracy": 0.3932172954082489, "grow_outputs_accuracy": 0.28273698687553406, "val_loss": 2.632601737976074, "val_diease_outputs_loss": 1.116423487663269, "val_grow_outputs_loss": 1.5161781311035156, "val_diease_outputs_accuracy": 0.4389880895614624, "val_grow_outputs_accuracy": 0.2785714268684387, "_step": 7, "best_val_loss": 2.631476640701294, "best_epoch": 6}