{"graph": {"_type": "graph-file", "sha256": "b59c9d6a736277ea34dc4e49cc8b25b0bbf6c3031ff22dcc1275e0de1c55e84b", "size": 1306, "path": "media/graph/graph_summary_b59c9d6a736277ea34dc.graph.json"}, "epoch": 9, "_timestamp": 1655449639, "_runtime": 3215, "loss": 1.207068920135498, "diease_outputs_loss": 0.44858673214912415, "grow_outputs_loss": 0.7584824562072754, "diease_outputs_accuracy": 0.8304325342178345, "grow_outputs_accuracy": 0.6874579787254333, "val_loss": 1.1396918296813965, "val_diease_outputs_loss": 0.4127122163772583, "val_grow_outputs_loss": 0.7269794940948486, "val_diease_outputs_accuracy": 0.851190447807312, "val_grow_outputs_accuracy": 0.6919642686843872, "_step": 9, "best_val_loss": 1.1396918296813965, "best_epoch": 9, "_wandb": {"runtime": 3215}}