{"graph": {"_type": "graph-file", "sha256": "e9273d19589228f3156180bfdbcce5c2c0ac60381596718a522a0f282ef9e3e3", "size": 1271, "path": "media/graph/graph_summary_e9273d19589228f31561.graph.json"}, "epoch": 1, "_timestamp": 1655379110, "_runtime": 618, "loss": 2.5919578075408936, "diease_outputs_loss": 1.0885396003723145, "grow_outputs_loss": 1.5034184455871582, "diease_outputs_accuracy": 0.4182463586330414, "grow_outputs_accuracy": 0.32157692313194275, "val_loss": 2.539100408554077, "val_diease_outputs_loss": 1.0608059167861938, "val_grow_outputs_loss": 1.4782943725585938, "val_diease_outputs_accuracy": 0.44357508420944214, "val_grow_outputs_accuracy": 0.3340355157852173, "_step": 1, "best_val_loss": 2.539100408554077, "best_epoch": 1, "_wandb": {"runtime": 617}}