{"graph": {"_type": "graph-file", "sha256": "22431f56720ceb570805ec85f19ad088b2c336ae0a7ae93495ef8ce586b95985", "size": 1310, "path": "media/graph/graph_summary_22431f56720ceb570805.graph.json"}, "epoch": 1, "_timestamp": 1655544417, "_runtime": 632, "loss": 1.2665406465530396, "diease_outputs_loss": 0.48606282472610474, "grow_outputs_loss": 0.7804782390594482, "diease_outputs_accuracy": 0.8056942820549011, "grow_outputs_accuracy": 0.6634120941162109, "val_loss": 1.0707906484603882, "val_diease_outputs_loss": 0.36527612805366516, "val_grow_outputs_loss": 0.7055144309997559, "val_diease_outputs_accuracy": 0.8508928418159485, "val_grow_outputs_accuracy": 0.692559540271759, "_step": 1, "best_val_loss": 1.0707906484603882, "best_epoch": 1}