{"graph": {"_type": "graph-file", "sha256": "b59c9d6a736277ea34dc4e49cc8b25b0bbf6c3031ff22dcc1275e0de1c55e84b", "size": 1306, "path": "media/graph/graph_summary_b59c9d6a736277ea34dc.graph.json"}, "epoch": 9, "_timestamp": 1655534431, "_runtime": 3261, "loss": 0.957983672618866, "diease_outputs_loss": 0.3131310045719147, "grow_outputs_loss": 0.644852876663208, "diease_outputs_accuracy": 0.8780906796455383, "grow_outputs_accuracy": 0.7277209162712097, "val_loss": 0.837780237197876, "val_diease_outputs_loss": 0.2577175199985504, "val_grow_outputs_loss": 0.5800628662109375, "val_diease_outputs_accuracy": 0.9086309671401978, "val_grow_outputs_accuracy": 0.7633928656578064, "_step": 9, "best_val_loss": 0.837780237197876, "best_epoch": 9, "_wandb": {"runtime": 3262}}