{"graph": {"_type": "graph-file", "sha256": "e9273d19589228f3156180bfdbcce5c2c0ac60381596718a522a0f282ef9e3e3", "size": 1271, "path": "media/graph/graph_summary_e9273d19589228f31561.graph.json"}, "epoch": 1, "_timestamp": 1655383887, "_runtime": 580, "loss": 2.5296952724456787, "diease_outputs_loss": 1.0743712186813354, "grow_outputs_loss": 1.4553242921829224, "diease_outputs_accuracy": 0.44138243794441223, "grow_outputs_accuracy": 0.3580302596092224, "val_loss": 2.3249359130859375, "val_diease_outputs_loss": 0.9895052313804626, "val_grow_outputs_loss": 1.3354305028915405, "val_diease_outputs_accuracy": 0.5498043894767761, "val_grow_outputs_accuracy": 0.42431536316871643, "_step": 1, "best_val_loss": 2.3249359130859375, "best_epoch": 1, "_wandb": {"runtime": 580}}