{"graph": {"_type": "graph-file", "sha256": "63f1214d5961e6d5aae566a3051e819d497e20f265cdb8eafe96bc270208f8fb", "size": 1312, "path": "media/graph/graph_summary_63f1214d5961e6d5aae5.graph.json"}, "epoch": 9, "_timestamp": 1655467719, "_runtime": 3102, "loss": 1.110442042350769, "diease_outputs_loss": 0.38859695196151733, "grow_outputs_loss": 0.7218450307846069, "diease_outputs_accuracy": 0.8542147874832153, "grow_outputs_accuracy": 0.7003800868988037, "val_loss": 0.964935839176178, "val_diease_outputs_loss": 0.3296850919723511, "val_grow_outputs_loss": 0.6352508664131165, "val_diease_outputs_accuracy": 0.8827381134033203, "val_grow_outputs_accuracy": 0.7407737970352173, "_step": 9, "best_val_loss": 0.9534164667129517, "best_epoch": 8, "_wandb": {"runtime": 3101}}