{"graph": {"_type": "graph-file", "sha256": "3a88f344c1a84bafedca3c03960728d5a3c8a86dd5dab227118f02277dcc3045", "size": 1268, "path": "media/graph/graph_summary_3a88f344c1a84bafedca.graph.json"}, "epoch": 9, "_timestamp": 1655525086, "_runtime": 2782, "loss": 3.5919580459594727, "diease_outputs_loss": 1.445108413696289, "grow_outputs_loss": 2.1468517780303955, "diease_outputs_accuracy": 0.473876416683197, "grow_outputs_accuracy": 0.3775806725025177, "val_loss": 3.0887279510498047, "val_diease_outputs_loss": 1.614497423171997, "val_grow_outputs_loss": 1.4742307662963867, "val_diease_outputs_accuracy": 0.3380952477455139, "val_grow_outputs_accuracy": 0.4788690507411957, "_step": 9, "best_val_loss": 2.8988394737243652, "best_epoch": 0, "_wandb": {"runtime": 2781}}