{"graph": {"_type": "graph-file", "sha256": "19feb72f96d6ab464d3f3404b7c744c258b19ada75da7bdeb5db690dd4613b9f", "size": 1266, "path": "media/graph/graph_summary_19feb72f96d6ab464d3f.graph.json"}, "epoch": 9, "_timestamp": 1655595681, "_runtime": 2787, "loss": 2.3899455070495605, "diease_outputs_loss": 1.0448861122131348, "grow_outputs_loss": 1.3450586795806885, "diease_outputs_accuracy": 0.48572707176208496, "grow_outputs_accuracy": 0.43683385848999023, "val_loss": 2.3367526531219482, "val_diease_outputs_loss": 1.0170326232910156, "val_grow_outputs_loss": 1.3197200298309326, "val_diease_outputs_accuracy": 0.5398809313774109, "val_grow_outputs_accuracy": 0.4422619044780731, "_step": 9, "best_val_loss": 2.317780017852783, "best_epoch": 8, "_wandb": {"runtime": 2786}}