{"graph": {"_type": "graph-file", "sha256": "d3e3630785a0276a099e65c0ad5c7b7ac6a5ac20bc44babe53622479c58654de", "size": 1305, "path": "media/graph/graph_summary_d3e3630785a0276a099e.graph.json"}, "epoch": 16, "_timestamp": 1656079864, "_runtime": 3021, "loss": 0.2053457647562027, "diease_outputs_loss": 0.14302705228328705, "grow_outputs_loss": 0.062318772077560425, "diease_outputs_accuracy": 0.9607884883880615, "grow_outputs_accuracy": 0.979440450668335, "val_loss": 0.3563311696052551, "val_diease_outputs_loss": 0.22823598980903625, "val_grow_outputs_loss": 0.12809520959854126, "val_diease_outputs_accuracy": 0.9341772198677063, "val_grow_outputs_accuracy": 0.9527426362037659, "_step": 16, "best_val_loss": 0.14378076791763306, "best_epoch": 5, "_wandb": {"runtime": 3020}}