{"graph": {"_type": "graph-file", "sha256": "d3e3630785a0276a099e65c0ad5c7b7ac6a5ac20bc44babe53622479c58654de", "size": 1305, "path": "media/graph/graph_summary_d3e3630785a0276a099e.graph.json"}, "epoch": 16, "_timestamp": 1656067052, "_runtime": 1902, "loss": 0.14421974122524261, "diease_outputs_loss": 0.09906836599111557, "grow_outputs_loss": 0.045151371508836746, "diease_outputs_accuracy": 0.9756252765655518, "grow_outputs_accuracy": 0.9900381565093994, "val_loss": 0.1756093055009842, "val_diease_outputs_loss": 0.15853068232536316, "val_grow_outputs_loss": 0.01707869954407215, "val_diease_outputs_accuracy": 0.9713079929351807, "val_grow_outputs_accuracy": 0.9915611743927002, "_step": 16, "best_val_loss": 0.11202191561460495, "best_epoch": 7, "_wandb": {"runtime": 1900}}