{"graph": {"_type": "graph-file", "sha256": "d3e3630785a0276a099e65c0ad5c7b7ac6a5ac20bc44babe53622479c58654de", "size": 1305, "path": "media/graph/graph_summary_d3e3630785a0276a099e.graph.json"}, "epoch": 13, "_timestamp": 1656065142, "_runtime": 2481, "loss": 0.2707706093788147, "diease_outputs_loss": 0.19393356144428253, "grow_outputs_loss": 0.07683707773685455, "diease_outputs_accuracy": 0.9588809013366699, "grow_outputs_accuracy": 0.9832556247711182, "val_loss": 0.26886117458343506, "val_diease_outputs_loss": 0.1798674464225769, "val_grow_outputs_loss": 0.08899375051259995, "val_diease_outputs_accuracy": 0.9443038105964661, "val_grow_outputs_accuracy": 0.9738396406173706, "_step": 13, "best_val_loss": 0.1411665976047516, "best_epoch": 10, "_wandb": {"runtime": 2478}}