{"graph": {"_type": "graph-file", "sha256": "d3e3630785a0276a099e65c0ad5c7b7ac6a5ac20bc44babe53622479c58654de", "size": 1305, "path": "media/graph/graph_summary_d3e3630785a0276a099e.graph.json"}, "epoch": 13, "_timestamp": 1656051850, "_runtime": 1567, "loss": 0.5309089422225952, "diease_outputs_loss": 0.37012648582458496, "grow_outputs_loss": 0.16078217327594757, "diease_outputs_accuracy": 0.9169139266014099, "grow_outputs_accuracy": 0.9718101024627686, "val_loss": 0.2688503861427307, "val_diease_outputs_loss": 0.2123691290616989, "val_grow_outputs_loss": 0.05648130178451538, "val_diease_outputs_accuracy": 0.9156118035316467, "val_grow_outputs_accuracy": 0.9881856441497803, "_step": 13, "best_val_loss": 0.2688503861427307, "best_epoch": 13}