{"graph": {"_type": "graph-file", "sha256": "63f1214d5961e6d5aae566a3051e819d497e20f265cdb8eafe96bc270208f8fb", "size": 1312, "path": "media/graph/graph_summary_63f1214d5961e6d5aae5.graph.json"}, "epoch": 1, "_timestamp": 1655556988, "_runtime": 700, "loss": 1.1780245304107666, "diease_outputs_loss": 0.42621859908103943, "grow_outputs_loss": 0.7518056035041809, "diease_outputs_accuracy": 0.8373048305511475, "grow_outputs_accuracy": 0.681257963180542, "val_loss": 1.1583647727966309, "val_diease_outputs_loss": 0.4152243137359619, "val_grow_outputs_loss": 0.7431406378746033, "val_diease_outputs_accuracy": 0.843154788017273, "val_grow_outputs_accuracy": 0.6815476417541504, "_step": 1, "best_val_loss": 1.0908823013305664, "best_epoch": 0}