{"graph": {"_type": "graph-file", "sha256": "b59c9d6a736277ea34dc4e49cc8b25b0bbf6c3031ff22dcc1275e0de1c55e84b", "size": 1306, "path": "media/graph/graph_summary_b59c9d6a736277ea34dc.graph.json"}, "epoch": 9, "_timestamp": 1655474652, "_runtime": 3067, "loss": 1.2973871231079102, "diease_outputs_loss": 0.4981450140476227, "grow_outputs_loss": 0.7992438077926636, "diease_outputs_accuracy": 0.8115823268890381, "grow_outputs_accuracy": 0.6634120941162109, "val_loss": 1.206096887588501, "val_diease_outputs_loss": 0.44556885957717896, "val_grow_outputs_loss": 0.7605281472206116, "val_diease_outputs_accuracy": 0.8330357074737549, "val_grow_outputs_accuracy": 0.6773809790611267, "_step": 9, "best_val_loss": 1.206096887588501, "best_epoch": 9, "_wandb": {"runtime": 3067}}