{"graph": {"_type": "graph-file", "sha256": "19feb72f96d6ab464d3f3404b7c744c258b19ada75da7bdeb5db690dd4613b9f", "size": 1266, "path": "media/graph/graph_summary_19feb72f96d6ab464d3f.graph.json"}, "epoch": 9, "_timestamp": 1655480447, "_runtime": 2983, "loss": 2.4254555702209473, "diease_outputs_loss": 1.0535178184509277, "grow_outputs_loss": 1.3719372749328613, "diease_outputs_accuracy": 0.4789721369743347, "grow_outputs_accuracy": 0.42742958664894104, "val_loss": 2.3666059970855713, "val_diease_outputs_loss": 1.032673716545105, "val_grow_outputs_loss": 1.3339320421218872, "val_diease_outputs_accuracy": 0.5229166746139526, "val_grow_outputs_accuracy": 0.4988095164299011, "_step": 9, "best_val_loss": 2.3666059970855713, "best_epoch": 9, "_wandb": {"runtime": 2982}}