{"graph": {"_type": "graph-file", "sha256": "19feb72f96d6ab464d3f3404b7c744c258b19ada75da7bdeb5db690dd4613b9f", "size": 1266, "path": "media/graph/graph_summary_19feb72f96d6ab464d3f.graph.json"}, "epoch": 9, "_timestamp": 1655611000, "_runtime": 3003, "loss": 2.480424404144287, "diease_outputs_loss": 1.073643684387207, "grow_outputs_loss": 1.4067811965942383, "diease_outputs_accuracy": 0.46455517411231995, "grow_outputs_accuracy": 0.3891088366508484, "val_loss": 2.4021027088165283, "val_diease_outputs_loss": 1.0588269233703613, "val_grow_outputs_loss": 1.343275547027588, "val_diease_outputs_accuracy": 0.44999998807907104, "val_grow_outputs_accuracy": 0.456845223903656, "_step": 9, "best_val_loss": 2.4021027088165283, "best_epoch": 9, "_wandb": {"runtime": 3002}}