{"graph": {"_type": "graph-file", "sha256": "4f3d29582fda618759a715233a29977fde601c4daace36c4d06eae8b698cd769", "size": 1267, "path": "media/graph/graph_summary_4f3d29582fda618759a7.graph.json"}, "epoch": 1, "_timestamp": 1655375498, "_runtime": 588, "loss": 2.5850324630737305, "diease_outputs_loss": 1.0711003541946411, "grow_outputs_loss": 1.5139333009719849, "diease_outputs_accuracy": 0.44386717677116394, "grow_outputs_accuracy": 0.33431217074394226, "val_loss": 2.5666775703430176, "val_diease_outputs_loss": 1.0640836954116821, "val_grow_outputs_loss": 1.5025924444198608, "val_diease_outputs_accuracy": 0.44357508420944214, "val_grow_outputs_accuracy": 0.33433642983436584, "_step": 1, "best_val_loss": 2.5666775703430176, "best_epoch": 1, "_wandb": {"runtime": 588}}