{"graph": {"_type": "graph-file", "sha256": "63f1214d5961e6d5aae566a3051e819d497e20f265cdb8eafe96bc270208f8fb", "size": 1312, "path": "media/graph/graph_summary_63f1214d5961e6d5aae5.graph.json"}, "epoch": 9, "_timestamp": 1655488569, "_runtime": 3151, "loss": 12.001907348632812, "diease_outputs_loss": 4.431835174560547, "grow_outputs_loss": 7.570066928863525, "diease_outputs_accuracy": 0.7784154415130615, "grow_outputs_accuracy": 0.5917119979858398, "val_loss": 14.354681968688965, "val_diease_outputs_loss": 3.7575714588165283, "val_grow_outputs_loss": 10.597105979919434, "val_diease_outputs_accuracy": 0.8211309313774109, "val_grow_outputs_accuracy": 0.5255952477455139, "_step": 9, "best_val_loss": 9.027847290039062, "best_epoch": 0, "_wandb": {"runtime": 3150}}