{"graph": {"_type": "graph-file", "sha256": "63f1214d5961e6d5aae566a3051e819d497e20f265cdb8eafe96bc270208f8fb", "size": 1312, "path": "media/graph/graph_summary_63f1214d5961e6d5aae5.graph.json"}, "epoch": 9, "_timestamp": 1655507394, "_runtime": 3119, "loss": 1.8682209253311157, "diease_outputs_loss": 0.8216366171836853, "grow_outputs_loss": 1.046584963798523, "diease_outputs_accuracy": 0.6870388388633728, "grow_outputs_accuracy": 0.5109935402870178, "val_loss": 1.737671136856079, "val_diease_outputs_loss": 0.7523034811019897, "val_grow_outputs_loss": 0.9853671789169312, "val_diease_outputs_accuracy": 0.7169643044471741, "val_grow_outputs_accuracy": 0.5327380895614624, "_step": 9, "best_val_loss": 1.737671136856079, "best_epoch": 9, "_wandb": {"runtime": 3120}}