{"graph": {"_type": "graph-file", "sha256": "b59c9d6a736277ea34dc4e49cc8b25b0bbf6c3031ff22dcc1275e0de1c55e84b", "size": 1306, "path": "media/graph/graph_summary_b59c9d6a736277ea34dc.graph.json"}, "epoch": 9, "_timestamp": 1655637264, "_runtime": 3243, "loss": 2.4904682636260986, "diease_outputs_loss": 1.144765019416809, "grow_outputs_loss": 1.3457036018371582, "diease_outputs_accuracy": 0.44535744190216064, "grow_outputs_accuracy": 0.4411742687225342, "val_loss": 2.375049591064453, "val_diease_outputs_loss": 1.1014273166656494, "val_grow_outputs_loss": 1.2736220359802246, "val_diease_outputs_accuracy": 0.5041666626930237, "val_grow_outputs_accuracy": 0.4883928596973419, "_step": 9, "best_val_loss": 2.375049591064453, "best_epoch": 9, "_wandb": {"runtime": 3243}}