{"graph": {"_type": "graph-file", "sha256": "4f3d29582fda618759a715233a29977fde601c4daace36c4d06eae8b698cd769", "size": 1267, "path": "media/graph/graph_summary_4f3d29582fda618759a7.graph.json"}, "epoch": 1, "_timestamp": 1655378479, "_runtime": 581, "loss": 2.3602795600891113, "diease_outputs_loss": 1.0135241746902466, "grow_outputs_loss": 1.3467555046081543, "diease_outputs_accuracy": 0.4547509551048279, "grow_outputs_accuracy": 0.43124106526374817, "val_loss": 2.2312238216400146, "val_diease_outputs_loss": 0.9662768840789795, "val_grow_outputs_loss": 1.2649474143981934, "val_diease_outputs_accuracy": 0.44778814911842346, "val_grow_outputs_accuracy": 0.4857056736946106, "_step": 1, "best_val_loss": 2.2312238216400146, "best_epoch": 1, "_wandb": {"runtime": 580}}