{"graph": {"_type": "graph-file", "sha256": "4f3d29582fda618759a715233a29977fde601c4daace36c4d06eae8b698cd769", "size": 1267, "path": "media/graph/graph_summary_4f3d29582fda618759a7.graph.json"}, "epoch": 1, "_timestamp": 1655373628, "_runtime": 618, "loss": 2.8863370418548584, "diease_outputs_loss": 1.2066386938095093, "grow_outputs_loss": 1.6796998977661133, "diease_outputs_accuracy": 0.33637943863868713, "grow_outputs_accuracy": 0.23570726811885834, "val_loss": 2.689342975616455, "val_diease_outputs_loss": 1.097089409828186, "val_grow_outputs_loss": 1.5922538042068481, "val_diease_outputs_accuracy": 0.39301836490631104, "val_grow_outputs_accuracy": 0.33433642983436584, "_step": 1, "best_val_loss": 2.689342975616455, "best_epoch": 1, "_wandb": {"runtime": 617}}