{"graph": {"_type": "graph-file", "sha256": "4f3d29582fda618759a715233a29977fde601c4daace36c4d06eae8b698cd769", "size": 1267, "path": "media/graph/graph_summary_4f3d29582fda618759a7.graph.json"}, "epoch": 0, "_timestamp": 1655370622, "_runtime": 1296, "loss": 2.7296953201293945, "diease_outputs_loss": 1.1157352924346924, "grow_outputs_loss": 1.6139591932296753, "diease_outputs_accuracy": 0.41417136788368225, "grow_outputs_accuracy": 0.28402015566825867, "val_loss": 2.6407153606414795, "val_diease_outputs_loss": 1.0792937278747559, "val_grow_outputs_loss": 1.5614222288131714, "val_diease_outputs_accuracy": 0.4205882251262665, "val_grow_outputs_accuracy": 0.29588234424591064, "_step": 0, "best_val_loss": 2.6407153606414795, "best_epoch": 0}