{"graph": {"_type": "graph-file", "sha256": "d3e3630785a0276a099e65c0ad5c7b7ac6a5ac20bc44babe53622479c58654de", "size": 1305, "path": "media/graph/graph_summary_d3e3630785a0276a099e.graph.json"}, "epoch": 17, "_timestamp": 1656093764, "_runtime": 3133, "loss": 114.10078430175781, "diease_outputs_loss": 85.61231994628906, "grow_outputs_loss": 28.48850440979004, "diease_outputs_accuracy": 0.960364580154419, "grow_outputs_accuracy": 0.9796524047851562, "val_loss": 0.13757172226905823, "val_diease_outputs_loss": 0.1132531389594078, "val_grow_outputs_loss": 0.024318529292941093, "val_diease_outputs_accuracy": 0.9670885801315308, "val_grow_outputs_accuracy": 0.9932489395141602, "_step": 17, "best_val_loss": 0.13757172226905823, "best_epoch": 17, "_wandb": {"runtime": 3135}}