{"graph": {"_type": "graph-file", "sha256": "a5d08625cf7a705c6351eafce8ffba36c521394ee715b7842305b5e66e880049", "size": 1262, "path": "media/graph/graph_summary_a5d08625cf7a705c6351.graph.json"}, "epoch": 9, "_timestamp": 1655629048, "_runtime": 3006, "loss": 2.5232162475585938, "diease_outputs_loss": 1.0924237966537476, "grow_outputs_loss": 1.4307929277420044, "diease_outputs_accuracy": 0.4491671025753021, "grow_outputs_accuracy": 0.3754388689994812, "val_loss": 2.4610114097595215, "val_diease_outputs_loss": 1.0704678297042847, "val_grow_outputs_loss": 1.3905433416366577, "val_diease_outputs_accuracy": 0.4497023820877075, "val_grow_outputs_accuracy": 0.4520833194255829, "_step": 9, "best_val_loss": 2.4610114097595215, "best_epoch": 9, "_wandb": {"runtime": 3006}}