{"graph": {"_type": "graph-file", "sha256": "d3e3630785a0276a099e65c0ad5c7b7ac6a5ac20bc44babe53622479c58654de", "size": 1305, "path": "media/graph/graph_summary_d3e3630785a0276a099e.graph.json"}, "epoch": 14, "_timestamp": 1656050261, "_runtime": 1744, "loss": 2.137847423553467, "diease_outputs_loss": 1.8129500150680542, "grow_outputs_loss": 0.32489654421806335, "diease_outputs_accuracy": 0.8410343527793884, "grow_outputs_accuracy": 0.9321746230125427, "val_loss": 0.6668782830238342, "val_diease_outputs_loss": 0.5286094546318054, "val_grow_outputs_loss": 0.13826879858970642, "val_diease_outputs_accuracy": 0.7156118154525757, "val_grow_outputs_accuracy": 0.9443038105964661, "_step": 14, "best_val_loss": 0.2188088744878769, "best_epoch": 8, "_wandb": {"runtime": 1743}}