{"graph": {"_type": "graph-file", "sha256": "d3e3630785a0276a099e65c0ad5c7b7ac6a5ac20bc44babe53622479c58654de", "size": 1305, "path": "media/graph/graph_summary_d3e3630785a0276a099e.graph.json"}, "epoch": 18, "_timestamp": 1656072353, "_runtime": 3369, "loss": 0.32332929968833923, "diease_outputs_loss": 0.2673170864582062, "grow_outputs_loss": 0.05601229891180992, "diease_outputs_accuracy": 0.9573972225189209, "grow_outputs_accuracy": 0.9817719459533691, "val_loss": 0.18881963193416595, "val_diease_outputs_loss": 0.1420653760433197, "val_grow_outputs_loss": 0.04675423353910446, "val_diease_outputs_accuracy": 0.9527426362037659, "val_grow_outputs_accuracy": 0.9881856441497803, "_step": 18, "best_val_loss": 0.16417750716209412, "best_epoch": 5, "_wandb": {"runtime": 3368}}