{"graph": {"_type": "graph-file", "sha256": "d3e3630785a0276a099e65c0ad5c7b7ac6a5ac20bc44babe53622479c58654de", "size": 1305, "path": "media/graph/graph_summary_d3e3630785a0276a099e.graph.json"}, "epoch": 11, "_timestamp": 1656098449, "_runtime": 2136, "loss": 0.21915693581104279, "diease_outputs_loss": 0.15360312163829803, "grow_outputs_loss": 0.06555383652448654, "diease_outputs_accuracy": 0.956761360168457, "grow_outputs_accuracy": 0.9785926342010498, "val_loss": 0.15796008706092834, "val_diease_outputs_loss": 0.12017422914505005, "val_grow_outputs_loss": 0.03778586909174919, "val_diease_outputs_accuracy": 0.9594936966896057, "val_grow_outputs_accuracy": 0.9915611743927002, "_step": 11, "best_val_loss": 0.15796008706092834, "best_epoch": 11, "_wandb": {"runtime": 2137}}