{"graph": {"_type": "graph-file", "sha256": "d3e3630785a0276a099e65c0ad5c7b7ac6a5ac20bc44babe53622479c58654de", "size": 1305, "path": "media/graph/graph_summary_d3e3630785a0276a099e.graph.json"}, "epoch": 11, "_timestamp": 1656047359, "_runtime": 1348, "loss": 1.7740737199783325, "diease_outputs_loss": 1.4826430082321167, "grow_outputs_loss": 0.29143038392066956, "diease_outputs_accuracy": 0.9018651843070984, "grow_outputs_accuracy": 0.9643917083740234, "val_loss": 5.935760498046875, "val_diease_outputs_loss": 5.870445728302002, "val_grow_outputs_loss": 0.06531596183776855, "val_diease_outputs_accuracy": 0.8708860874176025, "val_grow_outputs_accuracy": 0.9814345836639404, "_step": 11, "best_val_loss": 0.20881256461143494, "best_epoch": 10, "_wandb": {"runtime": 1347}}