{"graph": {"_type": "graph-file", "sha256": "b59c9d6a736277ea34dc4e49cc8b25b0bbf6c3031ff22dcc1275e0de1c55e84b", "size": 1306, "path": "media/graph/graph_summary_b59c9d6a736277ea34dc.graph.json"}, "epoch": 82, "_timestamp": 1656018170, "_runtime": 13417, "loss": 0.03497108444571495, "diease_outputs_loss": 0.004803056828677654, "grow_outputs_loss": 0.030168039724230766, "diease_outputs_accuracy": 0.9987329244613647, "grow_outputs_accuracy": 0.9905344247817993, "val_loss": 0.1223202496767044, "val_diease_outputs_loss": 0.005933202337473631, "val_grow_outputs_loss": 0.11638706922531128, "val_diease_outputs_accuracy": 0.9982143044471741, "val_grow_outputs_accuracy": 0.9669643044471741, "_step": 40, "best_val_loss": 0.10454825311899185, "best_epoch": 61, "_wandb": {"runtime": 13416}}