{"graph": {"_type": "graph-file", "sha256": "63f1214d5961e6d5aae566a3051e819d497e20f265cdb8eafe96bc270208f8fb", "size": 1312, "path": "media/graph/graph_summary_63f1214d5961e6d5aae5.graph.json"}, "epoch": 9, "_timestamp": 1655464589, "_runtime": 3231, "loss": 1.9519762992858887, "diease_outputs_loss": 0.9094250202178955, "grow_outputs_loss": 1.0425504446029663, "diease_outputs_accuracy": 0.5709270238876343, "grow_outputs_accuracy": 0.6104429960250854, "val_loss": 1.890110731124878, "val_diease_outputs_loss": 0.8891311883926392, "val_grow_outputs_loss": 1.0009794235229492, "val_diease_outputs_accuracy": 0.5836309790611267, "val_grow_outputs_accuracy": 0.6285714507102966, "_step": 9, "best_val_loss": 1.8873883485794067, "best_epoch": 5, "_wandb": {"runtime": 3229}}