{"graph": {"_type": "graph-file", "sha256": "b59c9d6a736277ea34dc4e49cc8b25b0bbf6c3031ff22dcc1275e0de1c55e84b", "size": 1306, "path": "media/graph/graph_summary_b59c9d6a736277ea34dc.graph.json"}, "epoch": 50, "_timestamp": 1655895939, "_runtime": 3023, "loss": 0.13120676577091217, "diease_outputs_loss": 0.01890302449464798, "grow_outputs_loss": 0.11230369657278061, "diease_outputs_accuracy": 0.9939628839492798, "grow_outputs_accuracy": 0.9589326977729797, "val_loss": 0.22471095621585846, "val_diease_outputs_loss": 0.03757847473025322, "val_grow_outputs_loss": 0.1871325522661209, "val_diease_outputs_accuracy": 0.9889881014823914, "val_grow_outputs_accuracy": 0.9392856955528259, "_step": 8, "best_val_loss": 0.22022280097007751, "best_epoch": 48}