{"graph": {"_type": "graph-file", "sha256": "f984d9ef4d0e63f848f862253406afbf4495f8bca3d72333ba4f91b49535b50d", "size": 1269, "path": "media/graph/graph_summary_f984d9ef4d0e63f848f8.graph.json"}, "epoch": 1, "_timestamp": 1655380292, "_runtime": 578, "loss": 2.6779303550720215, "diease_outputs_loss": 1.0894391536712646, "grow_outputs_loss": 1.5884921550750732, "diease_outputs_accuracy": 0.4156431257724762, "grow_outputs_accuracy": 0.33320775628089905, "val_loss": 2.6662497520446777, "val_diease_outputs_loss": 1.0863043069839478, "val_grow_outputs_loss": 1.5799446105957031, "val_diease_outputs_accuracy": 0.44357508420944214, "val_grow_outputs_accuracy": 0.33433642983436584, "_step": 1, "best_val_loss": 2.6662497520446777, "best_epoch": 1, "_wandb": {"runtime": 578}}