{"graph": {"_type": "graph-file", "sha256": "d3e3630785a0276a099e65c0ad5c7b7ac6a5ac20bc44babe53622479c58654de", "size": 1305, "path": "media/graph/graph_summary_d3e3630785a0276a099e.graph.json"}, "epoch": 13, "_timestamp": 1656055791, "_runtime": 1646, "loss": 0.15140314400196075, "diease_outputs_loss": 0.10400945693254471, "grow_outputs_loss": 0.047393713146448135, "diease_outputs_accuracy": 0.9762611389160156, "grow_outputs_accuracy": 0.9881305694580078, "val_loss": 0.3395553231239319, "val_diease_outputs_loss": 0.14944161474704742, "val_grow_outputs_loss": 0.19011367857456207, "val_diease_outputs_accuracy": 0.9535865187644958, "val_grow_outputs_accuracy": 0.9350211024284363, "_step": 13, "best_val_loss": 0.12270637601613998, "best_epoch": 7, "_wandb": {"runtime": 1644}}