{"graph": {"_type": "graph-file", "sha256": "d3e3630785a0276a099e65c0ad5c7b7ac6a5ac20bc44babe53622479c58654de", "size": 1305, "path": "media/graph/graph_summary_d3e3630785a0276a099e.graph.json"}, "epoch": 18, "_timestamp": 1656104016, "_runtime": 2878, "loss": 0.23681752383708954, "diease_outputs_loss": 0.17103004455566406, "grow_outputs_loss": 0.06578749418258667, "diease_outputs_accuracy": 0.9646036624908447, "grow_outputs_accuracy": 0.9826197624206543, "val_loss": 0.15906643867492676, "val_diease_outputs_loss": 0.12060336768627167, "val_grow_outputs_loss": 0.03846306353807449, "val_diease_outputs_accuracy": 0.9645569324493408, "val_grow_outputs_accuracy": 0.9915611743927002, "_step": 18, "best_val_loss": 0.11368601024150848, "best_epoch": 9, "_wandb": {"runtime": 2876}}