{"graph": {"_type": "graph-file", "sha256": "63f1214d5961e6d5aae566a3051e819d497e20f265cdb8eafe96bc270208f8fb", "size": 1312, "path": "media/graph/graph_summary_63f1214d5961e6d5aae5.graph.json"}, "epoch": 9, "_timestamp": 1655537755, "_runtime": 3295, "loss": 0.8993434309959412, "diease_outputs_loss": 0.27238577604293823, "grow_outputs_loss": 0.6269577741622925, "diease_outputs_accuracy": 0.8981888890266418, "grow_outputs_accuracy": 0.7477826476097107, "val_loss": 0.9248335361480713, "val_diease_outputs_loss": 0.21682582795619965, "val_grow_outputs_loss": 0.708007276058197, "val_diease_outputs_accuracy": 0.9342262148857117, "val_grow_outputs_accuracy": 0.7157738208770752, "_step": 9, "best_val_loss": 0.7269340753555298, "best_epoch": 8, "_wandb": {"runtime": 3294}}