{"graph": {"_type": "graph-file", "sha256": "22431f56720ceb570805ec85f19ad088b2c336ae0a7ae93495ef8ce586b95985", "size": 1310, "path": "media/graph/graph_summary_22431f56720ceb570805.graph.json"}, "epoch": 9, "_timestamp": 1655491717, "_runtime": 3122, "loss": 1.1823089122772217, "diease_outputs_loss": 0.4321810305118561, "grow_outputs_loss": 0.750127911567688, "diease_outputs_accuracy": 0.8299172520637512, "grow_outputs_accuracy": 0.6831631660461426, "val_loss": 1.009398102760315, "val_diease_outputs_loss": 0.33153367042541504, "val_grow_outputs_loss": 0.6778647303581238, "val_diease_outputs_accuracy": 0.8776785731315613, "val_grow_outputs_accuracy": 0.7172619104385376, "_step": 9, "best_val_loss": 1.009398102760315, "best_epoch": 9, "_wandb": {"runtime": 3122}}