{"graph": {"_type": "graph-file", "sha256": "4f3d29582fda618759a715233a29977fde601c4daace36c4d06eae8b698cd769", "size": 1267, "path": "media/graph/graph_summary_4f3d29582fda618759a7.graph.json"}, "epoch": 1, "_timestamp": 1655359048, "_runtime": 2547, "loss": 2.576498508453369, "diease_outputs_loss": 1.0569416284561157, "grow_outputs_loss": 1.5195560455322266, "diease_outputs_accuracy": 0.44989684224128723, "grow_outputs_accuracy": 0.32095491886138916, "val_loss": 2.52883243560791, "val_diease_outputs_loss": 1.0362179279327393, "val_grow_outputs_loss": 1.492614507675171, "val_diease_outputs_accuracy": 0.46529412269592285, "val_grow_outputs_accuracy": 0.3247058689594269, "_step": 1, "best_val_loss": 2.52883243560791, "best_epoch": 1, "_wandb": {"runtime": 2546}}