{"graph": {"_type": "graph-file", "sha256": "3a88f344c1a84bafedca3c03960728d5a3c8a86dd5dab227118f02277dcc3045", "size": 1268, "path": "media/graph/graph_summary_3a88f344c1a84bafedca.graph.json"}, "epoch": 9, "_timestamp": 1655620173, "_runtime": 3009, "loss": 2.2587740421295166, "diease_outputs_loss": 0.9929290413856506, "grow_outputs_loss": 1.2658450603485107, "diease_outputs_accuracy": 0.5257339477539062, "grow_outputs_accuracy": 0.4877866506576538, "val_loss": 2.148007869720459, "val_diease_outputs_loss": 0.9506165981292725, "val_grow_outputs_loss": 1.1973912715911865, "val_diease_outputs_accuracy": 0.5485119223594666, "val_grow_outputs_accuracy": 0.5407738089561462, "_step": 9, "best_val_loss": 2.148007869720459, "best_epoch": 9, "_wandb": {"runtime": 3009}}