{"graph": {"_type": "graph-file", "sha256": "b59c9d6a736277ea34dc4e49cc8b25b0bbf6c3031ff22dcc1275e0de1c55e84b", "size": 1306, "path": "media/graph/graph_summary_b59c9d6a736277ea34dc.graph.json"}, "epoch": 57, "_timestamp": 1655889764, "_runtime": 7922, "loss": 0.09665460139513016, "diease_outputs_loss": 0.01631968654692173, "grow_outputs_loss": 0.08033488690853119, "diease_outputs_accuracy": 0.9943355321884155, "grow_outputs_accuracy": 0.9713795781135559, "val_loss": 0.15518613159656525, "val_diease_outputs_loss": 0.019623667001724243, "val_grow_outputs_loss": 0.1355624794960022, "val_diease_outputs_accuracy": 0.9943452477455139, "val_grow_outputs_accuracy": 0.9586309790611267, "_step": 15, "best_val_loss": 0.14262963831424713, "best_epoch": 56}