{"graph": {"_type": "graph-file", "sha256": "d3e3630785a0276a099e65c0ad5c7b7ac6a5ac20bc44babe53622479c58654de", "size": 1305, "path": "media/graph/graph_summary_d3e3630785a0276a099e.graph.json"}, "epoch": 14, "_timestamp": 1656086795, "_runtime": 2239, "loss": 0.7704359292984009, "diease_outputs_loss": 0.12882088124752045, "grow_outputs_loss": 0.641615092754364, "diease_outputs_accuracy": 0.9631199836730957, "grow_outputs_accuracy": 0.9819839000701904, "val_loss": 0.15283261239528656, "val_diease_outputs_loss": 0.12097661197185516, "val_grow_outputs_loss": 0.03185597434639931, "val_diease_outputs_accuracy": 0.9670885801315308, "val_grow_outputs_accuracy": 0.9881856441497803, "_step": 14, "best_val_loss": 0.11781077831983566, "best_epoch": 11, "_wandb": {"runtime": 2239}}