{"graph": {"_type": "graph-file", "sha256": "5b5f0ac2dcdb38b8953b2b6125ed4d331fcb668fbf618b725b6514e5f33a15f3", "size": 1274, "path": "media/graph/graph_summary_5b5f0ac2dcdb38b8953b.graph.json"}, "epoch": 0, "_timestamp": 1655253481, "_runtime": 1698, "loss": NaN, "diease_outputs_loss": NaN, "grow_outputs_loss": 1.5992085933685303, "diease_outputs_accuracy": 0.520839512348175, "grow_outputs_accuracy": 0.40821754932403564, "val_loss": NaN, "val_diease_outputs_loss": NaN, "val_grow_outputs_loss": 1.6051918268203735, "val_diease_outputs_accuracy": 0.5211764574050903, "val_grow_outputs_accuracy": 0.1652941107749939, "_step": 0}