{"graph": {"_type": "graph-file", "sha256": "b59c9d6a736277ea34dc4e49cc8b25b0bbf6c3031ff22dcc1275e0de1c55e84b", "size": 1306, "path": "media/graph/graph_summary_b59c9d6a736277ea34dc.graph.json"}, "epoch": 41, "_timestamp": 1655811239, "_runtime": 373, "loss": 0.8687562942504883, "diease_outputs_loss": 0.2580128312110901, "grow_outputs_loss": 0.6107441186904907, "diease_outputs_accuracy": 0.9087724685668945, "grow_outputs_accuracy": 0.7522546052932739, "val_loss": 0.5430895090103149, "val_diease_outputs_loss": 0.11453189700841904, "val_grow_outputs_loss": 0.4285575747489929, "val_diease_outputs_accuracy": 0.9630952477455139, "val_grow_outputs_accuracy": 0.831250011920929, "_step": 0, "best_val_loss": 0.5430895090103149, "best_epoch": 41}