{"graph": {"_type": "graph-file", "sha256": "22431f56720ceb570805ec85f19ad088b2c336ae0a7ae93495ef8ce586b95985", "size": 1310, "path": "media/graph/graph_summary_22431f56720ceb570805.graph.json"}, "epoch": 9, "_timestamp": 1655602023, "_runtime": 3212, "loss": 2.740065574645996, "diease_outputs_loss": 1.2585744857788086, "grow_outputs_loss": 1.481491208076477, "diease_outputs_accuracy": 0.5741391181945801, "grow_outputs_accuracy": 0.519683301448822, "val_loss": 2.726187229156494, "val_diease_outputs_loss": 1.2524876594543457, "val_grow_outputs_loss": 1.473699927330017, "val_diease_outputs_accuracy": 0.5806547403335571, "val_grow_outputs_accuracy": 0.5300595164299011, "_step": 9, "best_val_loss": 2.726187229156494, "best_epoch": 9, "_wandb": {"runtime": 3212}}