{"graph": {"_type": "graph-file", "sha256": "d3e3630785a0276a099e65c0ad5c7b7ac6a5ac20bc44babe53622479c58654de", "size": 1305, "path": "media/graph/graph_summary_d3e3630785a0276a099e.graph.json"}, "epoch": 11, "_timestamp": 1656041137, "_runtime": 1350, "loss": 0.4251076877117157, "diease_outputs_loss": 0.3011462390422821, "grow_outputs_loss": 0.12396159023046494, "diease_outputs_accuracy": 0.933870255947113, "grow_outputs_accuracy": 0.975837230682373, "val_loss": 0.5704541206359863, "val_diease_outputs_loss": 0.47942131757736206, "val_grow_outputs_loss": 0.09103269129991531, "val_diease_outputs_accuracy": 0.9502109885215759, "val_grow_outputs_accuracy": 0.9864978790283203, "_step": 11, "best_val_loss": 0.22734881937503815, "best_epoch": 4, "_wandb": {"runtime": 1349}}