{"graph": {"_type": "graph-file", "sha256": "b59c9d6a736277ea34dc4e49cc8b25b0bbf6c3031ff22dcc1275e0de1c55e84b", "size": 1306, "path": "media/graph/graph_summary_b59c9d6a736277ea34dc.graph.json"}, "epoch": 9, "_timestamp": 1655614119, "_runtime": 3090, "loss": 1.60120689868927, "diease_outputs_loss": 0.6207754611968994, "grow_outputs_loss": 0.9804302453994751, "diease_outputs_accuracy": 0.773868978023529, "grow_outputs_accuracy": 0.611164927482605, "val_loss": 1.4593759775161743, "val_diease_outputs_loss": 0.6148170828819275, "val_grow_outputs_loss": 0.8445586562156677, "val_diease_outputs_accuracy": 0.7892857193946838, "val_grow_outputs_accuracy": 0.6514880657196045, "_step": 9, "best_val_loss": 1.3734941482543945, "best_epoch": 4, "_wandb": {"runtime": 3090}}