{"graph": {"_type": "graph-file", "sha256": "a5d08625cf7a705c6351eafce8ffba36c521394ee715b7842305b5e66e880049", "size": 1262, "path": "media/graph/graph_summary_a5d08625cf7a705c6351.graph.json"}, "epoch": 9, "_timestamp": 1655461338, "_runtime": 2812, "loss": 2.7209994792938232, "diease_outputs_loss": 1.19487726688385, "grow_outputs_loss": 1.5261226892471313, "diease_outputs_accuracy": 0.43929344415664673, "grow_outputs_accuracy": 0.3331594169139862, "val_loss": 2.7158071994781494, "val_diease_outputs_loss": 1.1913784742355347, "val_grow_outputs_loss": 1.5244286060333252, "val_diease_outputs_accuracy": 0.4386904835700989, "val_grow_outputs_accuracy": 0.3336309492588043, "_step": 9, "best_val_loss": 2.7158071994781494, "best_epoch": 9, "_wandb": {"runtime": 2811}}