{"graph": {"_type": "graph-file", "sha256": "f984d9ef4d0e63f848f862253406afbf4495f8bca3d72333ba4f91b49535b50d", "size": 1269, "path": "media/graph/graph_summary_f984d9ef4d0e63f848f8.graph.json"}, "epoch": 1, "_timestamp": 1655348806, "_runtime": 2522, "loss": 2.6938323974609375, "diease_outputs_loss": 1.0957927703857422, "grow_outputs_loss": 1.5980403423309326, "diease_outputs_accuracy": 0.35360094904899597, "grow_outputs_accuracy": 0.2641676366329193, "val_loss": 2.689784288406372, "val_diease_outputs_loss": 1.0942972898483276, "val_grow_outputs_loss": 1.5954868793487549, "val_diease_outputs_accuracy": 0.37294116616249084, "val_grow_outputs_accuracy": 0.29588234424591064, "_step": 1, "best_val_loss": 2.689784288406372, "best_epoch": 1, "_wandb": {"runtime": 2521}}