{"graph": {"_type": "graph-file", "sha256": "e9273d19589228f3156180bfdbcce5c2c0ac60381596718a522a0f282ef9e3e3", "size": 1271, "path": "media/graph/graph_summary_e9273d19589228f31561.graph.json"}, "epoch": 1, "_timestamp": 1655381522, "_runtime": 617, "loss": 2.452132225036621, "diease_outputs_loss": 1.0386422872543335, "grow_outputs_loss": 1.413490653038025, "diease_outputs_accuracy": 0.4599350392818451, "grow_outputs_accuracy": 0.38599804043769836, "val_loss": 2.3553242683410645, "val_diease_outputs_loss": 0.996849775314331, "val_grow_outputs_loss": 1.3584749698638916, "val_diease_outputs_accuracy": 0.48540475964546204, "val_grow_outputs_accuracy": 0.4688534438610077, "_step": 1, "best_val_loss": 2.3553242683410645, "best_epoch": 1, "_wandb": {"runtime": 618}}