{"graph": {"_type": "graph-file", "sha256": "19feb72f96d6ab464d3f3404b7c744c258b19ada75da7bdeb5db690dd4613b9f", "size": 1266, "path": "media/graph/graph_summary_19feb72f96d6ab464d3f.graph.json"}, "epoch": 9, "_timestamp": 1655560290, "_runtime": 2806, "loss": 2.38071608543396, "diease_outputs_loss": 1.0409198999404907, "grow_outputs_loss": 1.3397949934005737, "diease_outputs_accuracy": 0.4951181411743164, "grow_outputs_accuracy": 0.43795186281204224, "val_loss": 2.217592716217041, "val_diease_outputs_loss": 0.9825111627578735, "val_grow_outputs_loss": 1.2350808382034302, "val_diease_outputs_accuracy": 0.519345223903656, "val_grow_outputs_accuracy": 0.5369047522544861, "_step": 9, "best_val_loss": 2.217592716217041, "best_epoch": 9, "_wandb": {"runtime": 2804}}