{"graph": {"_type": "graph-file", "sha256": "b59c9d6a736277ea34dc4e49cc8b25b0bbf6c3031ff22dcc1275e0de1c55e84b", "size": 1306, "path": "media/graph/graph_summary_b59c9d6a736277ea34dc.graph.json"}, "epoch": 61, "_timestamp": 1655976579, "_runtime": 6688, "loss": 0.06099683418869972, "diease_outputs_loss": 0.009564850479364395, "grow_outputs_loss": 0.051431961357593536, "diease_outputs_accuracy": 0.997316837310791, "grow_outputs_accuracy": 0.9828575849533081, "val_loss": 0.1467406004667282, "val_diease_outputs_loss": 0.02059919945895672, "val_grow_outputs_loss": 0.12614141404628754, "val_diease_outputs_accuracy": 0.9952380657196045, "val_grow_outputs_accuracy": 0.956250011920929, "_step": 19, "best_val_loss": 0.129217267036438, "best_epoch": 59}