{"graph": {"_type": "graph-file", "sha256": "a5d08625cf7a705c6351eafce8ffba36c521394ee715b7842305b5e66e880049", "size": 1262, "path": "media/graph/graph_summary_a5d08625cf7a705c6351.graph.json"}, "epoch": 9, "_timestamp": 1655531142, "_runtime": 2797, "loss": 2.3621935844421387, "diease_outputs_loss": 1.0365464687347412, "grow_outputs_loss": 1.325648307800293, "diease_outputs_accuracy": 0.49303123354911804, "grow_outputs_accuracy": 0.45867183804512024, "val_loss": 2.176025152206421, "val_diease_outputs_loss": 0.9492343068122864, "val_grow_outputs_loss": 1.2267903089523315, "val_diease_outputs_accuracy": 0.5398809313774109, "val_grow_outputs_accuracy": 0.5351190567016602, "_step": 9, "best_val_loss": 2.1473991870880127, "best_epoch": 5, "_wandb": {"runtime": 2796}}