{"graph": {"_type": "graph-file", "sha256": "3a88f344c1a84bafedca3c03960728d5a3c8a86dd5dab227118f02277dcc3045", "size": 1268, "path": "media/graph/graph_summary_3a88f344c1a84bafedca.graph.json"}, "epoch": 9, "_timestamp": 1655604836, "_runtime": 2785, "loss": 2.5249040126800537, "diease_outputs_loss": 1.0995728969573975, "grow_outputs_loss": 1.4253301620483398, "diease_outputs_accuracy": 0.4468211829662323, "grow_outputs_accuracy": 0.36923307180404663, "val_loss": 2.5552830696105957, "val_diease_outputs_loss": 1.1212406158447266, "val_grow_outputs_loss": 1.4340428113937378, "val_diease_outputs_accuracy": 0.3648809492588043, "val_grow_outputs_accuracy": 0.349702388048172, "_step": 9, "best_val_loss": 2.4334182739257812, "best_epoch": 7, "_wandb": {"runtime": 2783}}