{"graph": {"_type": "graph-file", "sha256": "d3e3630785a0276a099e65c0ad5c7b7ac6a5ac20bc44babe53622479c58654de", "size": 1305, "path": "media/graph/graph_summary_d3e3630785a0276a099e.graph.json"}, "epoch": 11, "_timestamp": 1656054120, "_runtime": 2161, "loss": 0.19778643548488617, "diease_outputs_loss": 0.13235466182231903, "grow_outputs_loss": 0.06543178856372833, "diease_outputs_accuracy": 0.9571852684020996, "grow_outputs_accuracy": 0.9800763130187988, "val_loss": 0.14237819612026215, "val_diease_outputs_loss": 0.10545920580625534, "val_grow_outputs_loss": 0.036918964236974716, "val_diease_outputs_accuracy": 0.9687763452529907, "val_grow_outputs_accuracy": 0.9898734092712402, "_step": 11, "best_val_loss": 0.13124947249889374, "best_epoch": 9, "_wandb": {"runtime": 2161}}