{"graph": {"_type": "graph-file", "sha256": "e9273d19589228f3156180bfdbcce5c2c0ac60381596718a522a0f282ef9e3e3", "size": 1271, "path": "media/graph/graph_summary_e9273d19589228f31561.graph.json"}, "epoch": 1, "_timestamp": 1655376696, "_runtime": 581, "loss": 6.169954299926758, "diease_outputs_loss": 2.767169713973999, "grow_outputs_loss": 3.4027833938598633, "diease_outputs_accuracy": 0.36282119154930115, "grow_outputs_accuracy": 0.27277523279190063, "val_loss": 7.049354076385498, "val_diease_outputs_loss": 3.1330370903015137, "val_grow_outputs_loss": 3.9163172245025635, "val_diease_outputs_accuracy": 0.26873308420181274, "val_grow_outputs_accuracy": 0.33373457193374634, "_step": 1, "best_val_loss": 7.049354076385498, "best_epoch": 1, "_wandb": {"runtime": 581}}