{"graph": {"_type": "graph-file", "sha256": "d3e3630785a0276a099e65c0ad5c7b7ac6a5ac20bc44babe53622479c58654de", "size": 1305, "path": "media/graph/graph_summary_d3e3630785a0276a099e.graph.json"}, "epoch": 12, "_timestamp": 1656043982, "_runtime": 1520, "loss": 5.031337261199951, "diease_outputs_loss": 3.2083349227905273, "grow_outputs_loss": 1.8230031728744507, "diease_outputs_accuracy": 0.8817295432090759, "grow_outputs_accuracy": 0.9497668743133545, "val_loss": 1.661382794380188, "val_diease_outputs_loss": 0.9324672222137451, "val_grow_outputs_loss": 0.728915274143219, "val_diease_outputs_accuracy": 0.746835470199585, "val_grow_outputs_accuracy": 0.8632911443710327, "_step": 12, "best_val_loss": 0.2837490737438202, "best_epoch": 9, "_wandb": {"runtime": 1518}}