{"graph": {"_type": "graph-file", "sha256": "3a88f344c1a84bafedca3c03960728d5a3c8a86dd5dab227118f02277dcc3045", "size": 1268, "path": "media/graph/graph_summary_3a88f344c1a84bafedca.graph.json"}, "epoch": 5, "_timestamp": 1655485098, "_runtime": 1659, "loss": 12.545876502990723, "diease_outputs_loss": 5.680461883544922, "grow_outputs_loss": 6.865415096282959, "diease_outputs_accuracy": 0.3666989505290985, "grow_outputs_accuracy": 0.2753223478794098, "val_loss": 10.715961456298828, "val_diease_outputs_loss": 4.116553783416748, "val_grow_outputs_loss": 6.5994110107421875, "val_diease_outputs_accuracy": 0.4386904835700989, "val_grow_outputs_accuracy": 0.19166666269302368, "_step": 5, "best_val_loss": 8.411027908325195, "best_epoch": 4}