{"graph": {"_type": "graph-file", "sha256": "19feb72f96d6ab464d3f3404b7c744c258b19ada75da7bdeb5db690dd4613b9f", "size": 1266, "path": "media/graph/graph_summary_19feb72f96d6ab464d3f.graph.json"}, "epoch": 9, "_timestamp": 1655574725, "_runtime": 2811, "loss": 2.288503885269165, "diease_outputs_loss": 1.0015625953674316, "grow_outputs_loss": 1.2869408130645752, "diease_outputs_accuracy": 0.5246329307556152, "grow_outputs_accuracy": 0.47529253363609314, "val_loss": 2.213824987411499, "val_diease_outputs_loss": 0.9630993604660034, "val_grow_outputs_loss": 1.2507256269454956, "val_diease_outputs_accuracy": 0.5473214387893677, "val_grow_outputs_accuracy": 0.4922619163990021, "_step": 9, "best_val_loss": 2.198194742202759, "best_epoch": 8, "_wandb": {"runtime": 2810}}