{"graph": {"_type": "graph-file", "sha256": "4f3d29582fda618759a715233a29977fde601c4daace36c4d06eae8b698cd769", "size": 1267, "path": "media/graph/graph_summary_4f3d29582fda618759a7.graph.json"}, "epoch": 1, "_timestamp": 1655353925, "_runtime": 2547, "loss": 2.63541841506958, "diease_outputs_loss": 1.0783653259277344, "grow_outputs_loss": 1.557052493095398, "diease_outputs_accuracy": 0.41735535860061646, "grow_outputs_accuracy": 0.2880755662918091, "val_loss": 2.5967118740081787, "val_diease_outputs_loss": 1.0630815029144287, "val_grow_outputs_loss": 1.5336298942565918, "val_diease_outputs_accuracy": 0.4494117498397827, "val_grow_outputs_accuracy": 0.3311764597892761, "_step": 1, "best_val_loss": 2.5967118740081787, "best_epoch": 1, "_wandb": {"runtime": 2545}}