{"graph": {"_type": "graph-file", "sha256": "d3e3630785a0276a099e65c0ad5c7b7ac6a5ac20bc44babe53622479c58654de", "size": 1305, "path": "media/graph/graph_summary_d3e3630785a0276a099e.graph.json"}, "epoch": 17, "_timestamp": 1656110116, "_runtime": 2686, "loss": 0.2129688858985901, "diease_outputs_loss": 0.1568387895822525, "grow_outputs_loss": 0.056130073964595795, "diease_outputs_accuracy": 0.9548537731170654, "grow_outputs_accuracy": 0.9821958541870117, "val_loss": 0.21866872906684875, "val_diease_outputs_loss": 0.16004465520381927, "val_grow_outputs_loss": 0.05862409248948097, "val_diease_outputs_accuracy": 0.9611814618110657, "val_grow_outputs_accuracy": 0.9797468185424805, "_step": 17, "best_val_loss": 0.14732488989830017, "best_epoch": 9, "_wandb": {"runtime": 2685}}