{"graph": {"_type": "graph-file", "sha256": "22431f56720ceb570805ec85f19ad088b2c336ae0a7ae93495ef8ce586b95985", "size": 1310, "path": "media/graph/graph_summary_22431f56720ceb570805.graph.json"}, "epoch": 9, "_timestamp": 1655566743, "_runtime": 3260, "loss": 1.0686752796173096, "diease_outputs_loss": 0.37419891357421875, "grow_outputs_loss": 0.6944763660430908, "diease_outputs_accuracy": 0.8578471541404724, "grow_outputs_accuracy": 0.7108388543128967, "val_loss": 0.9694194793701172, "val_diease_outputs_loss": 0.31427693367004395, "val_grow_outputs_loss": 0.6551421880722046, "val_diease_outputs_accuracy": 0.880059540271759, "val_grow_outputs_accuracy": 0.7345238327980042, "_step": 9, "best_val_loss": 0.9694194793701172, "best_epoch": 9, "_wandb": {"runtime": 3260}}