{"graph": {"_type": "graph-file", "sha256": "d3e3630785a0276a099e65c0ad5c7b7ac6a5ac20bc44babe53622479c58654de", "size": 1305, "path": "media/graph/graph_summary_d3e3630785a0276a099e.graph.json"}, "epoch": 15, "_timestamp": 1656084532, "_runtime": 2871, "loss": 0.20042204856872559, "diease_outputs_loss": 0.13850626349449158, "grow_outputs_loss": 0.061915844678878784, "diease_outputs_accuracy": 0.9641797542572021, "grow_outputs_accuracy": 0.9788045883178711, "val_loss": 0.19725626707077026, "val_diease_outputs_loss": 0.15327903628349304, "val_grow_outputs_loss": 0.04397718980908394, "val_diease_outputs_accuracy": 0.9654008150100708, "val_grow_outputs_accuracy": 0.9881856441497803, "_step": 15, "best_val_loss": 0.13011255860328674, "best_epoch": 5, "_wandb": {"runtime": 2870}}