{"graph": {"_type": "graph-file", "sha256": "f984d9ef4d0e63f848f862253406afbf4495f8bca3d72333ba4f91b49535b50d", "size": 1269, "path": "media/graph/graph_summary_f984d9ef4d0e63f848f8.graph.json"}, "epoch": 1, "_timestamp": 1655369312, "_runtime": 2540, "loss": 2.686009168624878, "diease_outputs_loss": 1.09000825881958, "grow_outputs_loss": 1.5960007905960083, "diease_outputs_accuracy": 0.40540140867233276, "grow_outputs_accuracy": 0.25841203331947327, "val_loss": 2.6805036067962646, "val_diease_outputs_loss": 1.0871846675872803, "val_grow_outputs_loss": 1.593319296836853, "val_diease_outputs_accuracy": 0.4205882251262665, "val_grow_outputs_accuracy": 0.29588234424591064, "_step": 1, "best_val_loss": 2.6805036067962646, "best_epoch": 1, "_wandb": {"runtime": 2540}}